[poll 1/72 2026-08-30 11:13] fetching --content domains
== MEMBER_SHARE_INFO
  (not ready — LinkedIn still processing this domain; re-run later)
== ARTICLES
  ARTICLES: start=0 -> +159 (total 159)
  wrote ARTICLES.html (159 lines)
== ALL_COMMENTS
  ALL_COMMENTS: start=0 -> +1206 (total 1206)
  ALL_COMMENTS: start=1 -> +1854 (total 3060)
== ALL_LIKES
  ALL_LIKES: start=0 -> +4694 (total 4694)
== ALL_VOTES
  ALL_VOTES: start=0 -> +180 (total 180)
== INSTANT_REPOSTS
  INSTANT_REPOSTS: start=0 -> +199 (total 199)
== RICH_MEDIA
  RICH_MEDIA: start=0 -> +50 (total 50)

== summary ==
  MEMBER_SHARE_INFO: 0 records
  ARTICLES: 159 records
  ALL_COMMENTS: 3060 records
  ALL_LIKES: 4694 records
  ALL_VOTES: 180 records
  INSTANT_REPOSTS: 199 records
  RICH_MEDIA: 50 records

Written to /Users/maaretp/Documents/own-code/legacy/archives/linkedin/snapshot/
[poll] not ready yet; sleeping 1200s
[poll 2/72 2026-08-30 11:33] fetching --content domains
== MEMBER_SHARE_INFO
  (not ready — LinkedIn still processing this domain; re-run later)
== ARTICLES
  ARTICLES: start=0 -> +159 (total 159)
  wrote ARTICLES.html (159 lines)
== ALL_COMMENTS
  ALL_COMMENTS: start=0 -> +1206 (total 1206)
  ALL_COMMENTS: start=1 -> +1854 (total 3060)
== ALL_LIKES
  ALL_LIKES: start=0 -> +4694 (total 4694)
== ALL_VOTES
  ALL_VOTES: start=0 -> +180 (total 180)
== INSTANT_REPOSTS
  INSTANT_REPOSTS: start=0 -> +199 (total 199)
== RICH_MEDIA
  RICH_MEDIA: start=0 -> +50 (total 50)

== summary ==
  MEMBER_SHARE_INFO: 0 records
  ARTICLES: 159 records
  ALL_COMMENTS: 3060 records
  ALL_LIKES: 4694 records
  ALL_VOTES: 180 records
  INSTANT_REPOSTS: 199 records
  RICH_MEDIA: 50 records

Written to /Users/maaretp/Documents/own-code/legacy/archives/linkedin/snapshot/
[poll] not ready yet; sleeping 1200s
[poll 3/72 2026-08-30 11:53] fetching --content domains
== MEMBER_SHARE_INFO
  (not ready — LinkedIn still processing this domain; re-run later)
== ARTICLES
  ARTICLES: start=0 -> +159 (total 159)
  wrote ARTICLES.html (159 lines)
== ALL_COMMENTS
  ALL_COMMENTS: start=0 -> +1206 (total 1206)
  ALL_COMMENTS: start=1 -> +1854 (total 3060)
== ALL_LIKES
  ALL_LIKES: start=0 -> +4694 (total 4694)
== ALL_VOTES
  ALL_VOTES: start=0 -> +180 (total 180)
== INSTANT_REPOSTS
  INSTANT_REPOSTS: start=0 -> +199 (total 199)
== RICH_MEDIA
  RICH_MEDIA: start=0 -> +50 (total 50)

== summary ==
  MEMBER_SHARE_INFO: 0 records
  ARTICLES: 159 records
  ALL_COMMENTS: 3060 records
  ALL_LIKES: 4694 records
  ALL_VOTES: 180 records
  INSTANT_REPOSTS: 199 records
  RICH_MEDIA: 50 records

Written to /Users/maaretp/Documents/own-code/legacy/archives/linkedin/snapshot/
[poll] not ready yet; sleeping 1200s
[poll 4/72 2026-08-30 12:14] fetching --content domains
== MEMBER_SHARE_INFO
  (not ready — LinkedIn still processing this domain; re-run later)
== ARTICLES
  ARTICLES: start=0 -> +159 (total 159)
  wrote ARTICLES.html (159 lines)
== ALL_COMMENTS
  ALL_COMMENTS: start=0 -> +1206 (total 1206)
  ALL_COMMENTS: start=1 -> +1854 (total 3060)
== ALL_LIKES
  ALL_LIKES: start=0 -> +4694 (total 4694)
== ALL_VOTES
  ALL_VOTES: start=0 -> +180 (total 180)
== INSTANT_REPOSTS
  INSTANT_REPOSTS: start=0 -> +199 (total 199)
== RICH_MEDIA
  RICH_MEDIA: start=0 -> +50 (total 50)

== summary ==
  MEMBER_SHARE_INFO: 0 records
  ARTICLES: 159 records
  ALL_COMMENTS: 3060 records
  ALL_LIKES: 4694 records
  ALL_VOTES: 180 records
  INSTANT_REPOSTS: 199 records
  RICH_MEDIA: 50 records

Written to /Users/maaretp/Documents/own-code/legacy/archives/linkedin/snapshot/
[poll] not ready yet; sleeping 1200s
[poll 5/72 2026-08-30 12:34] fetching --content domains
== MEMBER_SHARE_INFO
  (not ready — LinkedIn still processing this domain; re-run later)
== ARTICLES
  ARTICLES: start=0 -> +159 (total 159)
  wrote ARTICLES.html (159 lines)
== ALL_COMMENTS
  ALL_COMMENTS: start=0 -> +1206 (total 1206)
  ALL_COMMENTS: start=1 -> +1854 (total 3060)
== ALL_LIKES
  ALL_LIKES: start=0 -> +4694 (total 4694)
== ALL_VOTES
  ALL_VOTES: start=0 -> +180 (total 180)
== INSTANT_REPOSTS
  INSTANT_REPOSTS: start=0 -> +199 (total 199)
== RICH_MEDIA
  RICH_MEDIA: start=0 -> +50 (total 50)

== summary ==
  MEMBER_SHARE_INFO: 0 records
  ARTICLES: 159 records
  ALL_COMMENTS: 3060 records
  ALL_LIKES: 4694 records
  ALL_VOTES: 180 records
  INSTANT_REPOSTS: 199 records
  RICH_MEDIA: 50 records

Written to /Users/maaretp/Documents/own-code/legacy/archives/linkedin/snapshot/
[poll] not ready yet; sleeping 1200s
[poll 6/72 2026-08-30 12:54] fetching --content domains
== MEMBER_SHARE_INFO
  (not ready — LinkedIn still processing this domain; re-run later)
== ARTICLES
  ARTICLES: start=0 -> +159 (total 159)
  wrote ARTICLES.html (159 lines)
== ALL_COMMENTS
  ALL_COMMENTS: start=0 -> +1206 (total 1206)
  ALL_COMMENTS: start=1 -> +1854 (total 3060)
== ALL_LIKES
  ALL_LIKES: start=0 -> +4694 (total 4694)
  ALL_LIKES: start=1 -> +4694 (total 9388)
== ALL_VOTES
  ALL_VOTES: start=0 -> +180 (total 180)
== INSTANT_REPOSTS
  INSTANT_REPOSTS: start=0 -> +199 (total 199)
== RICH_MEDIA
  RICH_MEDIA: start=0 -> +50 (total 50)

== summary ==
  MEMBER_SHARE_INFO: 0 records
  ARTICLES: 159 records
  ALL_COMMENTS: 3060 records
  ALL_LIKES: 9388 records
  ALL_VOTES: 180 records
  INSTANT_REPOSTS: 199 records
  RICH_MEDIA: 50 records

Written to /Users/maaretp/Documents/own-code/legacy/archives/linkedin/snapshot/
[poll] not ready yet; sleeping 1200s
[poll 7/72 2026-08-30 14:32] fetching --content domains
== MEMBER_SHARE_INFO
  (not ready — LinkedIn still processing this domain; re-run later)
== ARTICLES
  ARTICLES: start=0 -> +159 (total 159)
  wrote ARTICLES.html (159 lines)
== ALL_COMMENTS
  ALL_COMMENTS: start=0 -> +1206 (total 1206)
  ALL_COMMENTS: start=1 -> +1854 (total 3060)
== ALL_LIKES
  ALL_LIKES: start=0 -> +4694 (total 4694)
  ALL_LIKES: start=1 -> +4694 (total 9388)
== ALL_VOTES
  ALL_VOTES: start=0 -> +180 (total 180)
== INSTANT_REPOSTS
  INSTANT_REPOSTS: start=0 -> +199 (total 199)
== RICH_MEDIA
  RICH_MEDIA: start=0 -> +50 (total 50)

== summary ==
  MEMBER_SHARE_INFO: 0 records
  ARTICLES: 159 records
  ALL_COMMENTS: 3060 records
  ALL_LIKES: 9388 records
  ALL_VOTES: 180 records
  INSTANT_REPOSTS: 199 records
  RICH_MEDIA: 50 records

Written to /Users/maaretp/Documents/own-code/legacy/archives/linkedin/snapshot/
[poll] not ready yet; sleeping 1200s
[poll 8/72 2026-08-30 16:52] fetching --content domains
== MEMBER_SHARE_INFO
  (not ready — LinkedIn still processing this domain; re-run later)
== ARTICLES
  ARTICLES: start=0 -> +159 (total 159)
  wrote ARTICLES.html (159 lines)
== ALL_COMMENTS
  ALL_COMMENTS: start=0 -> +1206 (total 1206)
  ALL_COMMENTS: start=1 -> +1854 (total 3060)
== ALL_LIKES
  ALL_LIKES: start=0 -> +4694 (total 4694)
  ALL_LIKES: start=1 -> +4694 (total 9388)
== ALL_VOTES
  ALL_VOTES: start=0 -> +180 (total 180)
== INSTANT_REPOSTS
  INSTANT_REPOSTS: start=0 -> +199 (total 199)
== RICH_MEDIA
  RICH_MEDIA: start=0 -> +50 (total 50)

== summary ==
  MEMBER_SHARE_INFO: 0 records
  ARTICLES: 159 records
  ALL_COMMENTS: 3060 records
  ALL_LIKES: 9388 records
  ALL_VOTES: 180 records
  INSTANT_REPOSTS: 199 records
  RICH_MEDIA: 50 records

Written to /Users/maaretp/Documents/own-code/legacy/archives/linkedin/snapshot/
[poll] not ready yet; sleeping 1200s
[poll 9/72 2026-08-30 17:12] fetching --content domains
== MEMBER_SHARE_INFO
  (not ready — LinkedIn still processing this domain; re-run later)
== ARTICLES
  ARTICLES: start=0 -> +159 (total 159)
  wrote ARTICLES.html (159 lines)
== ALL_COMMENTS
  ALL_COMMENTS: start=0 -> +1206 (total 1206)
  ALL_COMMENTS: start=1 -> +1854 (total 3060)
== ALL_LIKES
  ALL_LIKES: start=0 -> +4694 (total 4694)
  ALL_LIKES: start=1 -> +4694 (total 9388)
== ALL_VOTES
  ALL_VOTES: start=0 -> +180 (total 180)
== INSTANT_REPOSTS
  INSTANT_REPOSTS: start=0 -> +199 (total 199)
== RICH_MEDIA
  RICH_MEDIA: start=0 -> +50 (total 50)

== summary ==
  MEMBER_SHARE_INFO: 0 records
  ARTICLES: 159 records
  ALL_COMMENTS: 3060 records
  ALL_LIKES: 9388 records
  ALL_VOTES: 180 records
  INSTANT_REPOSTS: 199 records
  RICH_MEDIA: 50 records

Written to /Users/maaretp/Documents/own-code/legacy/archives/linkedin/snapshot/
[poll] not ready yet; sleeping 1200s
[poll 10/72 2026-08-30 17:32] fetching --content domains
== MEMBER_SHARE_INFO
  (not ready — LinkedIn still processing this domain; re-run later)
== ARTICLES
  ARTICLES: start=0 -> +159 (total 159)
  wrote ARTICLES.html (159 lines)
== ALL_COMMENTS
  ALL_COMMENTS: start=0 -> +1206 (total 1206)
  ALL_COMMENTS: start=1 -> +1854 (total 3060)
== ALL_LIKES
  ALL_LIKES: start=0 -> +4694 (total 4694)
  ALL_LIKES: start=1 -> +4694 (total 9388)
== ALL_VOTES
  ALL_VOTES: start=0 -> +180 (total 180)
== INSTANT_REPOSTS
  INSTANT_REPOSTS: start=0 -> +199 (total 199)
== RICH_MEDIA
  RICH_MEDIA: start=0 -> +50 (total 50)

== summary ==
  MEMBER_SHARE_INFO: 0 records
  ARTICLES: 159 records
  ALL_COMMENTS: 3060 records
  ALL_LIKES: 9388 records
  ALL_VOTES: 180 records
  INSTANT_REPOSTS: 199 records
  RICH_MEDIA: 50 records

Written to /Users/maaretp/Documents/own-code/legacy/archives/linkedin/snapshot/
[poll] not ready yet; sleeping 1200s
[poll 11/72 2026-08-30 17:53] fetching --content domains
== MEMBER_SHARE_INFO
  (not ready — LinkedIn still processing this domain; re-run later)
== ARTICLES
  ARTICLES: start=0 -> +159 (total 159)
  wrote ARTICLES.html (159 lines)
== ALL_COMMENTS
  ALL_COMMENTS: start=0 -> +1206 (total 1206)
  ALL_COMMENTS: start=1 -> +1854 (total 3060)
== ALL_LIKES
  ALL_LIKES: start=0 -> +4694 (total 4694)
  ALL_LIKES: start=1 -> +4694 (total 9388)
== ALL_VOTES
  ALL_VOTES: start=0 -> +180 (total 180)
== INSTANT_REPOSTS
  INSTANT_REPOSTS: start=0 -> +199 (total 199)
== RICH_MEDIA
  RICH_MEDIA: start=0 -> +50 (total 50)

== summary ==
  MEMBER_SHARE_INFO: 0 records
  ARTICLES: 159 records
  ALL_COMMENTS: 3060 records
  ALL_LIKES: 9388 records
  ALL_VOTES: 180 records
  INSTANT_REPOSTS: 199 records
  RICH_MEDIA: 50 records

Written to /Users/maaretp/Documents/own-code/legacy/archives/linkedin/snapshot/
[poll] not ready yet; sleeping 1200s
[poll 12/72 2026-08-30 18:13] fetching --content domains
== MEMBER_SHARE_INFO
  (not ready — LinkedIn still processing this domain; re-run later)
== ARTICLES
  ARTICLES: start=0 -> +159 (total 159)
  wrote ARTICLES.html (159 lines)
== ALL_COMMENTS
  ALL_COMMENTS: start=0 -> +1206 (total 1206)
  ALL_COMMENTS: start=1 -> +1854 (total 3060)
== ALL_LIKES
  ALL_LIKES: start=0 -> +4694 (total 4694)
  ALL_LIKES: start=1 -> +4694 (total 9388)
== ALL_VOTES
  ALL_VOTES: start=0 -> +180 (total 180)
== INSTANT_REPOSTS
  INSTANT_REPOSTS: start=0 -> +199 (total 199)
== RICH_MEDIA
  RICH_MEDIA: start=0 -> +50 (total 50)

== summary ==
  MEMBER_SHARE_INFO: 0 records
  ARTICLES: 159 records
  ALL_COMMENTS: 3060 records
  ALL_LIKES: 9388 records
  ALL_VOTES: 180 records
  INSTANT_REPOSTS: 199 records
  RICH_MEDIA: 50 records

Written to /Users/maaretp/Documents/own-code/legacy/archives/linkedin/snapshot/
[poll] not ready yet; sleeping 1200s
[poll 13/72 2026-08-30 18:33] fetching --content domains
== MEMBER_SHARE_INFO
  (not ready — LinkedIn still processing this domain; re-run later)
== ARTICLES
  ARTICLES: start=0 -> +159 (total 159)
  wrote ARTICLES.html (159 lines)
== ALL_COMMENTS
  ALL_COMMENTS: start=0 -> +1206 (total 1206)
  ALL_COMMENTS: start=1 -> +1854 (total 3060)
== ALL_LIKES
  ALL_LIKES: start=0 -> +4694 (total 4694)
  ALL_LIKES: start=1 -> +4694 (total 9388)
== ALL_VOTES
  ALL_VOTES: start=0 -> +180 (total 180)
== INSTANT_REPOSTS
  INSTANT_REPOSTS: start=0 -> +199 (total 199)
== RICH_MEDIA
  RICH_MEDIA: start=0 -> +50 (total 50)

== summary ==
  MEMBER_SHARE_INFO: 0 records
  ARTICLES: 159 records
  ALL_COMMENTS: 3060 records
  ALL_LIKES: 9388 records
  ALL_VOTES: 180 records
  INSTANT_REPOSTS: 199 records
  RICH_MEDIA: 50 records

Written to /Users/maaretp/Documents/own-code/legacy/archives/linkedin/snapshot/
[poll] not ready yet; sleeping 1200s
[poll 14/72 2026-08-30 18:53] fetching --content domains
== MEMBER_SHARE_INFO
  (not ready — LinkedIn still processing this domain; re-run later)
== ARTICLES
  ARTICLES: start=0 -> +159 (total 159)
  wrote ARTICLES.html (159 lines)
== ALL_COMMENTS
  ALL_COMMENTS: start=0 -> +1206 (total 1206)
  ALL_COMMENTS: start=1 -> +1854 (total 3060)
== ALL_LIKES
  ALL_LIKES: start=0 -> +4694 (total 4694)
  ALL_LIKES: start=1 -> +4694 (total 9388)
== ALL_VOTES
  ALL_VOTES: start=0 -> +180 (total 180)
== INSTANT_REPOSTS
  INSTANT_REPOSTS: start=0 -> +199 (total 199)
== RICH_MEDIA
  RICH_MEDIA: start=0 -> +50 (total 50)

== summary ==
  MEMBER_SHARE_INFO: 0 records
  ARTICLES: 159 records
  ALL_COMMENTS: 3060 records
  ALL_LIKES: 9388 records
  ALL_VOTES: 180 records
  INSTANT_REPOSTS: 199 records
  RICH_MEDIA: 50 records

Written to /Users/maaretp/Documents/own-code/legacy/archives/linkedin/snapshot/
[poll] not ready yet; sleeping 1200s
[poll 15/72 2026-08-30 19:14] fetching --content domains
== MEMBER_SHARE_INFO
  (not ready — LinkedIn still processing this domain; re-run later)
== ARTICLES
  ARTICLES: start=0 -> +159 (total 159)
  wrote ARTICLES.html (159 lines)
== ALL_COMMENTS
  ALL_COMMENTS: start=0 -> +1206 (total 1206)
  ALL_COMMENTS: start=1 -> +1854 (total 3060)
== ALL_LIKES
  ALL_LIKES: start=0 -> +4694 (total 4694)
  ALL_LIKES: start=1 -> +4694 (total 9388)
== ALL_VOTES
  ALL_VOTES: start=0 -> +180 (total 180)
== INSTANT_REPOSTS
  INSTANT_REPOSTS: start=0 -> +199 (total 199)
== RICH_MEDIA
  RICH_MEDIA: start=0 -> +50 (total 50)

== summary ==
  MEMBER_SHARE_INFO: 0 records
  ARTICLES: 159 records
  ALL_COMMENTS: 3060 records
  ALL_LIKES: 9388 records
  ALL_VOTES: 180 records
  INSTANT_REPOSTS: 199 records
  RICH_MEDIA: 50 records

Written to /Users/maaretp/Documents/own-code/legacy/archives/linkedin/snapshot/
[poll] not ready yet; sleeping 1200s
[poll 16/72 2026-08-30 20:50] fetching --content domains
    network error [SSL: CERTIFICATE_VERIFY_FAILED] certificate verify failed: unable to get local issuer certificate (_ssl.c:1010), retry in 5s
    network error [SSL: CERTIFICATE_VERIFY_FAILED] certificate verify failed: unable to get local issuer certificate (_ssl.c:1010), retry in 10s
    network error [SSL: CERTIFICATE_VERIFY_FAILED] certificate verify failed: unable to get local issuer certificate (_ssl.c:1010), retry in 15s
    network error [SSL: CERTIFICATE_VERIFY_FAILED] certificate verify failed: unable to get local issuer certificate (_ssl.c:1010), retry in 20s
    network error [SSL: CERTIFICATE_VERIFY_FAILED] certificate verify failed: unable to get local issuer certificate (_ssl.c:1010), retry in 25s
  ! MEMBER_SHARE_INFO stopped at start=0: gave up after retries
    network error [SSL: CERTIFICATE_VERIFY_FAILED] certificate verify failed: unable to get local issuer certificate (_ssl.c:1010), retry in 5s
    network error [SSL: CERTIFICATE_VERIFY_FAILED] certificate verify failed: unable to get local issuer certificate (_ssl.c:1010), retry in 10s
    network error [SSL: CERTIFICATE_VERIFY_FAILED] certificate verify failed: unable to get local issuer certificate (_ssl.c:1010), retry in 15s
    network error [SSL: CERTIFICATE_VERIFY_FAILED] certificate verify failed: unable to get local issuer certificate (_ssl.c:1010), retry in 20s
    network error [SSL: CERTIFICATE_VERIFY_FAILED] certificate verify failed: unable to get local issuer certificate (_ssl.c:1010), retry in 25s
  ! ARTICLES stopped at start=0: gave up after retries
    network error [SSL: CERTIFICATE_VERIFY_FAILED] certificate verify failed: unable to get local issuer certificate (_ssl.c:1010), retry in 5s
    network error [SSL: CERTIFICATE_VERIFY_FAILED] certificate verify failed: unable to get local issuer certificate (_ssl.c:1010), retry in 10s
    network error [SSL: CERTIFICATE_VERIFY_FAILED] certificate verify failed: unable to get local issuer certificate (_ssl.c:1010), retry in 15s
    network error [SSL: CERTIFICATE_VERIFY_FAILED] certificate verify failed: unable to get local issuer certificate (_ssl.c:1010), retry in 20s
    network error [SSL: CERTIFICATE_VERIFY_FAILED] certificate verify failed: unable to get local issuer certificate (_ssl.c:1010), retry in 25s
  ! ALL_COMMENTS stopped at start=0: gave up after retries
    network error [SSL: CERTIFICATE_VERIFY_FAILED] certificate verify failed: unable to get local issuer certificate (_ssl.c:1010), retry in 5s
    network error [SSL: CERTIFICATE_VERIFY_FAILED] certificate verify failed: unable to get local issuer certificate (_ssl.c:1010), retry in 10s
    network error [SSL: CERTIFICATE_VERIFY_FAILED] certificate verify failed: unable to get local issuer certificate (_ssl.c:1010), retry in 15s
    network error [SSL: CERTIFICATE_VERIFY_FAILED] certificate verify failed: unable to get local issuer certificate (_ssl.c:1010), retry in 20s
    network error [SSL: CERTIFICATE_VERIFY_FAILED] certificate verify failed: unable to get local issuer certificate (_ssl.c:1010), retry in 25s
  ! ALL_LIKES stopped at start=0: gave up after retries
    network error [SSL: CERTIFICATE_VERIFY_FAILED] certificate verify failed: unable to get local issuer certificate (_ssl.c:1010), retry in 5s
    network error [SSL: CERTIFICATE_VERIFY_FAILED] certificate verify failed: unable to get local issuer certificate (_ssl.c:1010), retry in 10s
    network error [SSL: CERTIFICATE_VERIFY_FAILED] certificate verify failed: unable to get local issuer certificate (_ssl.c:1010), retry in 15s
    network error [SSL: CERTIFICATE_VERIFY_FAILED] certificate verify failed: unable to get local issuer certificate (_ssl.c:1010), retry in 20s
    network error [SSL: CERTIFICATE_VERIFY_FAILED] certificate verify failed: unable to get local issuer certificate (_ssl.c:1010), retry in 25s
  ! ALL_VOTES stopped at start=0: gave up after retries
    network error [SSL: CERTIFICATE_VERIFY_FAILED] certificate verify failed: unable to get local issuer certificate (_ssl.c:1010), retry in 5s
    network error [SSL: CERTIFICATE_VERIFY_FAILED] certificate verify failed: unable to get local issuer certificate (_ssl.c:1010), retry in 10s
    network error [SSL: CERTIFICATE_VERIFY_FAILED] certificate verify failed: unable to get local issuer certificate (_ssl.c:1010), retry in 15s
    network error [SSL: CERTIFICATE_VERIFY_FAILED] certificate verify failed: unable to get local issuer certificate (_ssl.c:1010), retry in 20s
    network error [SSL: CERTIFICATE_VERIFY_FAILED] certificate verify failed: unable to get local issuer certificate (_ssl.c:1010), retry in 25s
  ! INSTANT_REPOSTS stopped at start=0: gave up after retries
    network error [SSL: CERTIFICATE_VERIFY_FAILED] certificate verify failed: unable to get local issuer certificate (_ssl.c:1010), retry in 5s
    network error [SSL: CERTIFICATE_VERIFY_FAILED] certificate verify failed: unable to get local issuer certificate (_ssl.c:1010), retry in 10s
    network error [SSL: CERTIFICATE_VERIFY_FAILED] certificate verify failed: unable to get local issuer certificate (_ssl.c:1010), retry in 15s
    network error [SSL: CERTIFICATE_VERIFY_FAILED] certificate verify failed: unable to get local issuer certificate (_ssl.c:1010), retry in 20s
    network error [SSL: CERTIFICATE_VERIFY_FAILED] certificate verify failed: unable to get local issuer certificate (_ssl.c:1010), retry in 25s
  ! RICH_MEDIA stopped at start=0: gave up after retries
== MEMBER_SHARE_INFO
  (not ready — LinkedIn still processing this domain; re-run later)
== ARTICLES
  (not ready — LinkedIn still processing this domain; re-run later)
== ALL_COMMENTS
  (not ready — LinkedIn still processing this domain; re-run later)
== ALL_LIKES
  (not ready — LinkedIn still processing this domain; re-run later)
== ALL_VOTES
  (not ready — LinkedIn still processing this domain; re-run later)
== INSTANT_REPOSTS
  (not ready — LinkedIn still processing this domain; re-run later)
== RICH_MEDIA
  (not ready — LinkedIn still processing this domain; re-run later)

== summary ==
  MEMBER_SHARE_INFO: 0 records
  ARTICLES: 0 records
  ALL_COMMENTS: 0 records
  ALL_LIKES: 0 records
  ALL_VOTES: 0 records
  INSTANT_REPOSTS: 0 records
  RICH_MEDIA: 0 records

Written to /Users/maaretp/Documents/own-code/legacy/archives/linkedin/snapshot/
[poll] not ready yet; sleeping 1200s
[poll 17/72 2026-08-30 23:25] fetching --content domains
    network error [SSL: CERTIFICATE_VERIFY_FAILED] certificate verify failed: unable to get local issuer certificate (_ssl.c:1010), retry in 5s
    network error [SSL: CERTIFICATE_VERIFY_FAILED] certificate verify failed: unable to get local issuer certificate (_ssl.c:1010), retry in 10s
    network error [SSL: CERTIFICATE_VERIFY_FAILED] certificate verify failed: unable to get local issuer certificate (_ssl.c:1010), retry in 15s
    network error [SSL: CERTIFICATE_VERIFY_FAILED] certificate verify failed: unable to get local issuer certificate (_ssl.c:1010), retry in 20s
    network error [SSL: CERTIFICATE_VERIFY_FAILED] certificate verify failed: unable to get local issuer certificate (_ssl.c:1010), retry in 25s
  ! MEMBER_SHARE_INFO stopped at start=0: gave up after retries
    network error [SSL: CERTIFICATE_VERIFY_FAILED] certificate verify failed: unable to get local issuer certificate (_ssl.c:1010), retry in 5s
    network error [SSL: CERTIFICATE_VERIFY_FAILED] certificate verify failed: unable to get local issuer certificate (_ssl.c:1010), retry in 10s
    network error [SSL: CERTIFICATE_VERIFY_FAILED] certificate verify failed: unable to get local issuer certificate (_ssl.c:1010), retry in 15s
    network error [SSL: CERTIFICATE_VERIFY_FAILED] certificate verify failed: unable to get local issuer certificate (_ssl.c:1010), retry in 20s
    network error [SSL: CERTIFICATE_VERIFY_FAILED] certificate verify failed: unable to get local issuer certificate (_ssl.c:1010), retry in 25s
  ! ARTICLES stopped at start=0: gave up after retries
    network error [SSL: CERTIFICATE_VERIFY_FAILED] certificate verify failed: unable to get local issuer certificate (_ssl.c:1010), retry in 5s
    network error [SSL: CERTIFICATE_VERIFY_FAILED] certificate verify failed: unable to get local issuer certificate (_ssl.c:1010), retry in 10s
    network error [SSL: CERTIFICATE_VERIFY_FAILED] certificate verify failed: unable to get local issuer certificate (_ssl.c:1010), retry in 15s
    network error [SSL: CERTIFICATE_VERIFY_FAILED] certificate verify failed: unable to get local issuer certificate (_ssl.c:1010), retry in 20s
    network error [SSL: CERTIFICATE_VERIFY_FAILED] certificate verify failed: unable to get local issuer certificate (_ssl.c:1010), retry in 25s
  ! ALL_COMMENTS stopped at start=0: gave up after retries
    network error [SSL: CERTIFICATE_VERIFY_FAILED] certificate verify failed: unable to get local issuer certificate (_ssl.c:1010), retry in 5s
    network error [SSL: CERTIFICATE_VERIFY_FAILED] certificate verify failed: unable to get local issuer certificate (_ssl.c:1010), retry in 10s
    network error [SSL: CERTIFICATE_VERIFY_FAILED] certificate verify failed: unable to get local issuer certificate (_ssl.c:1010), retry in 15s
    network error [SSL: CERTIFICATE_VERIFY_FAILED] certificate verify failed: unable to get local issuer certificate (_ssl.c:1010), retry in 20s
    network error [SSL: CERTIFICATE_VERIFY_FAILED] certificate verify failed: unable to get local issuer certificate (_ssl.c:1010), retry in 25s
  ! ALL_LIKES stopped at start=0: gave up after retries
    network error [SSL: CERTIFICATE_VERIFY_FAILED] certificate verify failed: unable to get local issuer certificate (_ssl.c:1010), retry in 5s
    network error [SSL: CERTIFICATE_VERIFY_FAILED] certificate verify failed: unable to get local issuer certificate (_ssl.c:1010), retry in 10s
    network error [SSL: CERTIFICATE_VERIFY_FAILED] certificate verify failed: unable to get local issuer certificate (_ssl.c:1010), retry in 15s
    network error [SSL: CERTIFICATE_VERIFY_FAILED] certificate verify failed: unable to get local issuer certificate (_ssl.c:1010), retry in 20s
    network error [SSL: CERTIFICATE_VERIFY_FAILED] certificate verify failed: unable to get local issuer certificate (_ssl.c:1010), retry in 25s
  ! ALL_VOTES stopped at start=0: gave up after retries
    network error [SSL: CERTIFICATE_VERIFY_FAILED] certificate verify failed: unable to get local issuer certificate (_ssl.c:1010), retry in 5s
    network error [SSL: CERTIFICATE_VERIFY_FAILED] certificate verify failed: unable to get local issuer certificate (_ssl.c:1010), retry in 10s
    network error [SSL: CERTIFICATE_VERIFY_FAILED] certificate verify failed: unable to get local issuer certificate (_ssl.c:1010), retry in 15s
    network error [SSL: CERTIFICATE_VERIFY_FAILED] certificate verify failed: unable to get local issuer certificate (_ssl.c:1010), retry in 20s
    network error [SSL: CERTIFICATE_VERIFY_FAILED] certificate verify failed: unable to get local issuer certificate (_ssl.c:1010), retry in 25s
  ! INSTANT_REPOSTS stopped at start=0: gave up after retries
    network error [SSL: CERTIFICATE_VERIFY_FAILED] certificate verify failed: unable to get local issuer certificate (_ssl.c:1010), retry in 5s
    network error [SSL: CERTIFICATE_VERIFY_FAILED] certificate verify failed: unable to get local issuer certificate (_ssl.c:1010), retry in 10s
    network error [SSL: CERTIFICATE_VERIFY_FAILED] certificate verify failed: unable to get local issuer certificate (_ssl.c:1010), retry in 15s
    network error [SSL: CERTIFICATE_VERIFY_FAILED] certificate verify failed: unable to get local issuer certificate (_ssl.c:1010), retry in 20s
    network error [SSL: CERTIFICATE_VERIFY_FAILED] certificate verify failed: unable to get local issuer certificate (_ssl.c:1010), retry in 25s
  ! RICH_MEDIA stopped at start=0: gave up after retries
== MEMBER_SHARE_INFO
  (not ready — LinkedIn still processing this domain; re-run later)
== ARTICLES
  (not ready — LinkedIn still processing this domain; re-run later)
== ALL_COMMENTS
  (not ready — LinkedIn still processing this domain; re-run later)
== ALL_LIKES
  (not ready — LinkedIn still processing this domain; re-run later)
== ALL_VOTES
  (not ready — LinkedIn still processing this domain; re-run later)
== INSTANT_REPOSTS
  (not ready — LinkedIn still processing this domain; re-run later)
== RICH_MEDIA
  (not ready — LinkedIn still processing this domain; re-run later)

== summary ==
  MEMBER_SHARE_INFO: 0 records
  ARTICLES: 0 records
  ALL_COMMENTS: 0 records
  ALL_LIKES: 0 records
  ALL_VOTES: 0 records
  INSTANT_REPOSTS: 0 records
  RICH_MEDIA: 0 records

Written to /Users/maaretp/Documents/own-code/legacy/archives/linkedin/snapshot/
[poll] not ready yet; sleeping 1200s
[poll 18/72 2026-08-31 07:25] fetching --content domains
    network error [SSL: CERTIFICATE_VERIFY_FAILED] certificate verify failed: unable to get local issuer certificate (_ssl.c:1010), retry in 5s
    network error [SSL: CERTIFICATE_VERIFY_FAILED] certificate verify failed: unable to get local issuer certificate (_ssl.c:1010), retry in 10s
    network error [SSL: CERTIFICATE_VERIFY_FAILED] certificate verify failed: unable to get local issuer certificate (_ssl.c:1010), retry in 15s
    network error [SSL: CERTIFICATE_VERIFY_FAILED] certificate verify failed: unable to get local issuer certificate (_ssl.c:1010), retry in 20s
    network error [SSL: CERTIFICATE_VERIFY_FAILED] certificate verify failed: unable to get local issuer certificate (_ssl.c:1010), retry in 25s
  ! MEMBER_SHARE_INFO stopped at start=0: gave up after retries
    network error [SSL: CERTIFICATE_VERIFY_FAILED] certificate verify failed: unable to get local issuer certificate (_ssl.c:1010), retry in 5s
    network error [SSL: CERTIFICATE_VERIFY_FAILED] certificate verify failed: unable to get local issuer certificate (_ssl.c:1010), retry in 10s
    network error [SSL: CERTIFICATE_VERIFY_FAILED] certificate verify failed: unable to get local issuer certificate (_ssl.c:1010), retry in 15s
    network error [SSL: CERTIFICATE_VERIFY_FAILED] certificate verify failed: unable to get local issuer certificate (_ssl.c:1010), retry in 20s
    network error [SSL: CERTIFICATE_VERIFY_FAILED] certificate verify failed: unable to get local issuer certificate (_ssl.c:1010), retry in 25s
  ! ARTICLES stopped at start=0: gave up after retries
    network error [SSL: CERTIFICATE_VERIFY_FAILED] certificate verify failed: unable to get local issuer certificate (_ssl.c:1010), retry in 5s
    network error [SSL: CERTIFICATE_VERIFY_FAILED] certificate verify failed: unable to get local issuer certificate (_ssl.c:1010), retry in 10s
    network error [SSL: CERTIFICATE_VERIFY_FAILED] certificate verify failed: unable to get local issuer certificate (_ssl.c:1010), retry in 15s
    network error [SSL: CERTIFICATE_VERIFY_FAILED] certificate verify failed: unable to get local issuer certificate (_ssl.c:1010), retry in 20s
    network error [SSL: CERTIFICATE_VERIFY_FAILED] certificate verify failed: unable to get local issuer certificate (_ssl.c:1010), retry in 25s
  ! ALL_COMMENTS stopped at start=0: gave up after retries
    network error [SSL: CERTIFICATE_VERIFY_FAILED] certificate verify failed: unable to get local issuer certificate (_ssl.c:1010), retry in 5s
    network error [SSL: CERTIFICATE_VERIFY_FAILED] certificate verify failed: unable to get local issuer certificate (_ssl.c:1010), retry in 10s
    network error [SSL: CERTIFICATE_VERIFY_FAILED] certificate verify failed: unable to get local issuer certificate (_ssl.c:1010), retry in 15s
    network error [SSL: CERTIFICATE_VERIFY_FAILED] certificate verify failed: unable to get local issuer certificate (_ssl.c:1010), retry in 20s
    network error [SSL: CERTIFICATE_VERIFY_FAILED] certificate verify failed: unable to get local issuer certificate (_ssl.c:1010), retry in 25s
  ! ALL_LIKES stopped at start=0: gave up after retries
    network error [SSL: CERTIFICATE_VERIFY_FAILED] certificate verify failed: unable to get local issuer certificate (_ssl.c:1010), retry in 5s
    network error [SSL: CERTIFICATE_VERIFY_FAILED] certificate verify failed: unable to get local issuer certificate (_ssl.c:1010), retry in 10s
    network error [SSL: CERTIFICATE_VERIFY_FAILED] certificate verify failed: unable to get local issuer certificate (_ssl.c:1010), retry in 15s
    network error [SSL: CERTIFICATE_VERIFY_FAILED] certificate verify failed: unable to get local issuer certificate (_ssl.c:1010), retry in 20s
    network error [SSL: CERTIFICATE_VERIFY_FAILED] certificate verify failed: unable to get local issuer certificate (_ssl.c:1010), retry in 25s
  ! ALL_VOTES stopped at start=0: gave up after retries
    network error [SSL: CERTIFICATE_VERIFY_FAILED] certificate verify failed: unable to get local issuer certificate (_ssl.c:1010), retry in 5s
    network error [SSL: CERTIFICATE_VERIFY_FAILED] certificate verify failed: unable to get local issuer certificate (_ssl.c:1010), retry in 10s
    network error [SSL: CERTIFICATE_VERIFY_FAILED] certificate verify failed: unable to get local issuer certificate (_ssl.c:1010), retry in 15s
    network error [SSL: CERTIFICATE_VERIFY_FAILED] certificate verify failed: unable to get local issuer certificate (_ssl.c:1010), retry in 20s
    network error [SSL: CERTIFICATE_VERIFY_FAILED] certificate verify failed: unable to get local issuer certificate (_ssl.c:1010), retry in 25s
  ! INSTANT_REPOSTS stopped at start=0: gave up after retries
    network error [SSL: CERTIFICATE_VERIFY_FAILED] certificate verify failed: unable to get local issuer certificate (_ssl.c:1010), retry in 5s
    network error [SSL: CERTIFICATE_VERIFY_FAILED] certificate verify failed: unable to get local issuer certificate (_ssl.c:1010), retry in 10s
    network error [SSL: CERTIFICATE_VERIFY_FAILED] certificate verify failed: unable to get local issuer certificate (_ssl.c:1010), retry in 15s
    network error [SSL: CERTIFICATE_VERIFY_FAILED] certificate verify failed: unable to get local issuer certificate (_ssl.c:1010), retry in 20s
    network error [SSL: CERTIFICATE_VERIFY_FAILED] certificate verify failed: unable to get local issuer certificate (_ssl.c:1010), retry in 25s
  ! RICH_MEDIA stopped at start=0: gave up after retries
== MEMBER_SHARE_INFO
  (not ready — LinkedIn still processing this domain; re-run later)
== ARTICLES
  (not ready — LinkedIn still processing this domain; re-run later)
== ALL_COMMENTS
  (not ready — LinkedIn still processing this domain; re-run later)
== ALL_LIKES
  (not ready — LinkedIn still processing this domain; re-run later)
== ALL_VOTES
  (not ready — LinkedIn still processing this domain; re-run later)
== INSTANT_REPOSTS
  (not ready — LinkedIn still processing this domain; re-run later)
== RICH_MEDIA
  (not ready — LinkedIn still processing this domain; re-run later)

== summary ==
  MEMBER_SHARE_INFO: 0 records
  ARTICLES: 0 records
  ALL_COMMENTS: 0 records
  ALL_LIKES: 0 records
  ALL_VOTES: 0 records
  INSTANT_REPOSTS: 0 records
  RICH_MEDIA: 0 records

Written to /Users/maaretp/Documents/own-code/legacy/archives/linkedin/snapshot/
[poll] not ready yet; sleeping 1200s
[poll 19/72 2026-08-31 08:25] fetching --content domains
    network error [SSL: CERTIFICATE_VERIFY_FAILED] certificate verify failed: unable to get local issuer certificate (_ssl.c:1010), retry in 5s
    network error [SSL: CERTIFICATE_VERIFY_FAILED] certificate verify failed: unable to get local issuer certificate (_ssl.c:1010), retry in 10s
    network error [SSL: CERTIFICATE_VERIFY_FAILED] certificate verify failed: unable to get local issuer certificate (_ssl.c:1010), retry in 15s
    network error [SSL: CERTIFICATE_VERIFY_FAILED] certificate verify failed: unable to get local issuer certificate (_ssl.c:1010), retry in 20s
    network error [SSL: CERTIFICATE_VERIFY_FAILED] certificate verify failed: unable to get local issuer certificate (_ssl.c:1010), retry in 25s
  ! MEMBER_SHARE_INFO stopped at start=0: gave up after retries
    network error [SSL: CERTIFICATE_VERIFY_FAILED] certificate verify failed: unable to get local issuer certificate (_ssl.c:1010), retry in 5s
    network error [SSL: CERTIFICATE_VERIFY_FAILED] certificate verify failed: unable to get local issuer certificate (_ssl.c:1010), retry in 10s
    network error [SSL: CERTIFICATE_VERIFY_FAILED] certificate verify failed: unable to get local issuer certificate (_ssl.c:1010), retry in 15s
    network error [SSL: CERTIFICATE_VERIFY_FAILED] certificate verify failed: unable to get local issuer certificate (_ssl.c:1010), retry in 20s
    network error [SSL: CERTIFICATE_VERIFY_FAILED] certificate verify failed: unable to get local issuer certificate (_ssl.c:1010), retry in 25s
  ! ARTICLES stopped at start=0: gave up after retries
    network error [SSL: CERTIFICATE_VERIFY_FAILED] certificate verify failed: unable to get local issuer certificate (_ssl.c:1010), retry in 5s
    network error [SSL: CERTIFICATE_VERIFY_FAILED] certificate verify failed: unable to get local issuer certificate (_ssl.c:1010), retry in 10s
    network error [SSL: CERTIFICATE_VERIFY_FAILED] certificate verify failed: unable to get local issuer certificate (_ssl.c:1010), retry in 15s
    network error [SSL: CERTIFICATE_VERIFY_FAILED] certificate verify failed: unable to get local issuer certificate (_ssl.c:1010), retry in 20s
    network error [SSL: CERTIFICATE_VERIFY_FAILED] certificate verify failed: unable to get local issuer certificate (_ssl.c:1010), retry in 25s
  ! ALL_COMMENTS stopped at start=0: gave up after retries
    network error [SSL: CERTIFICATE_VERIFY_FAILED] certificate verify failed: unable to get local issuer certificate (_ssl.c:1010), retry in 5s
    network error [SSL: CERTIFICATE_VERIFY_FAILED] certificate verify failed: unable to get local issuer certificate (_ssl.c:1010), retry in 10s
    network error [SSL: CERTIFICATE_VERIFY_FAILED] certificate verify failed: unable to get local issuer certificate (_ssl.c:1010), retry in 15s
    network error [SSL: CERTIFICATE_VERIFY_FAILED] certificate verify failed: unable to get local issuer certificate (_ssl.c:1010), retry in 20s
    network error [SSL: CERTIFICATE_VERIFY_FAILED] certificate verify failed: unable to get local issuer certificate (_ssl.c:1010), retry in 25s
  ! ALL_LIKES stopped at start=0: gave up after retries
    network error [SSL: CERTIFICATE_VERIFY_FAILED] certificate verify failed: unable to get local issuer certificate (_ssl.c:1010), retry in 5s
    network error [SSL: CERTIFICATE_VERIFY_FAILED] certificate verify failed: unable to get local issuer certificate (_ssl.c:1010), retry in 10s
    network error [SSL: CERTIFICATE_VERIFY_FAILED] certificate verify failed: unable to get local issuer certificate (_ssl.c:1010), retry in 15s
    network error [SSL: CERTIFICATE_VERIFY_FAILED] certificate verify failed: unable to get local issuer certificate (_ssl.c:1010), retry in 20s
    network error [SSL: CERTIFICATE_VERIFY_FAILED] certificate verify failed: unable to get local issuer certificate (_ssl.c:1010), retry in 25s
  ! ALL_VOTES stopped at start=0: gave up after retries
    network error [SSL: CERTIFICATE_VERIFY_FAILED] certificate verify failed: unable to get local issuer certificate (_ssl.c:1010), retry in 5s
    network error [SSL: CERTIFICATE_VERIFY_FAILED] certificate verify failed: unable to get local issuer certificate (_ssl.c:1010), retry in 10s
    network error [SSL: CERTIFICATE_VERIFY_FAILED] certificate verify failed: unable to get local issuer certificate (_ssl.c:1010), retry in 15s
    network error [SSL: CERTIFICATE_VERIFY_FAILED] certificate verify failed: unable to get local issuer certificate (_ssl.c:1010), retry in 20s
    network error [SSL: CERTIFICATE_VERIFY_FAILED] certificate verify failed: unable to get local issuer certificate (_ssl.c:1010), retry in 25s
  ! INSTANT_REPOSTS stopped at start=0: gave up after retries
    network error [SSL: CERTIFICATE_VERIFY_FAILED] certificate verify failed: unable to get local issuer certificate (_ssl.c:1010), retry in 5s
    network error [SSL: CERTIFICATE_VERIFY_FAILED] certificate verify failed: unable to get local issuer certificate (_ssl.c:1010), retry in 10s
    network error [SSL: CERTIFICATE_VERIFY_FAILED] certificate verify failed: unable to get local issuer certificate (_ssl.c:1010), retry in 15s
    network error [SSL: CERTIFICATE_VERIFY_FAILED] certificate verify failed: unable to get local issuer certificate (_ssl.c:1010), retry in 20s
    network error [SSL: CERTIFICATE_VERIFY_FAILED] certificate verify failed: unable to get local issuer certificate (_ssl.c:1010), retry in 25s
  ! RICH_MEDIA stopped at start=0: gave up after retries
== MEMBER_SHARE_INFO
  (not ready — LinkedIn still processing this domain; re-run later)
== ARTICLES
  (not ready — LinkedIn still processing this domain; re-run later)
== ALL_COMMENTS
  (not ready — LinkedIn still processing this domain; re-run later)
== ALL_LIKES
  (not ready — LinkedIn still processing this domain; re-run later)
== ALL_VOTES
  (not ready — LinkedIn still processing this domain; re-run later)
== INSTANT_REPOSTS
  (not ready — LinkedIn still processing this domain; re-run later)
== RICH_MEDIA
  (not ready — LinkedIn still processing this domain; re-run later)

== summary ==
  MEMBER_SHARE_INFO: 0 records
  ARTICLES: 0 records
  ALL_COMMENTS: 0 records
  ALL_LIKES: 0 records
  ALL_VOTES: 0 records
  INSTANT_REPOSTS: 0 records
  RICH_MEDIA: 0 records

Written to /Users/maaretp/Documents/own-code/legacy/archives/linkedin/snapshot/
[poll] not ready yet; sleeping 1200s
[poll 20/72 2026-08-31 08:53] fetching --content domains
    network error [SSL: CERTIFICATE_VERIFY_FAILED] certificate verify failed: unable to get local issuer certificate (_ssl.c:1010), retry in 5s
    network error [SSL: CERTIFICATE_VERIFY_FAILED] certificate verify failed: unable to get local issuer certificate (_ssl.c:1010), retry in 10s
    network error [SSL: CERTIFICATE_VERIFY_FAILED] certificate verify failed: unable to get local issuer certificate (_ssl.c:1010), retry in 15s
    network error [SSL: CERTIFICATE_VERIFY_FAILED] certificate verify failed: unable to get local issuer certificate (_ssl.c:1010), retry in 20s
    network error [SSL: CERTIFICATE_VERIFY_FAILED] certificate verify failed: unable to get local issuer certificate (_ssl.c:1010), retry in 25s
  ! MEMBER_SHARE_INFO stopped at start=0: gave up after retries
    network error [SSL: CERTIFICATE_VERIFY_FAILED] certificate verify failed: unable to get local issuer certificate (_ssl.c:1010), retry in 5s
    network error [SSL: CERTIFICATE_VERIFY_FAILED] certificate verify failed: unable to get local issuer certificate (_ssl.c:1010), retry in 10s
    network error [SSL: CERTIFICATE_VERIFY_FAILED] certificate verify failed: unable to get local issuer certificate (_ssl.c:1010), retry in 15s
    network error [SSL: CERTIFICATE_VERIFY_FAILED] certificate verify failed: unable to get local issuer certificate (_ssl.c:1010), retry in 20s
    network error [SSL: CERTIFICATE_VERIFY_FAILED] certificate verify failed: unable to get local issuer certificate (_ssl.c:1010), retry in 25s
  ! ARTICLES stopped at start=0: gave up after retries
    network error [SSL: CERTIFICATE_VERIFY_FAILED] certificate verify failed: unable to get local issuer certificate (_ssl.c:1010), retry in 5s
    network error [SSL: CERTIFICATE_VERIFY_FAILED] certificate verify failed: unable to get local issuer certificate (_ssl.c:1010), retry in 10s
    network error [SSL: CERTIFICATE_VERIFY_FAILED] certificate verify failed: unable to get local issuer certificate (_ssl.c:1010), retry in 15s
    network error [SSL: CERTIFICATE_VERIFY_FAILED] certificate verify failed: unable to get local issuer certificate (_ssl.c:1010), retry in 20s
    network error [SSL: CERTIFICATE_VERIFY_FAILED] certificate verify failed: unable to get local issuer certificate (_ssl.c:1010), retry in 25s
  ! ALL_COMMENTS stopped at start=0: gave up after retries
    network error [SSL: CERTIFICATE_VERIFY_FAILED] certificate verify failed: unable to get local issuer certificate (_ssl.c:1010), retry in 5s
    network error [SSL: CERTIFICATE_VERIFY_FAILED] certificate verify failed: unable to get local issuer certificate (_ssl.c:1010), retry in 10s
    network error [SSL: CERTIFICATE_VERIFY_FAILED] certificate verify failed: unable to get local issuer certificate (_ssl.c:1010), retry in 15s
    network error [SSL: CERTIFICATE_VERIFY_FAILED] certificate verify failed: unable to get local issuer certificate (_ssl.c:1010), retry in 20s
    network error [SSL: CERTIFICATE_VERIFY_FAILED] certificate verify failed: unable to get local issuer certificate (_ssl.c:1010), retry in 25s
  ! ALL_LIKES stopped at start=0: gave up after retries
    network error [SSL: CERTIFICATE_VERIFY_FAILED] certificate verify failed: unable to get local issuer certificate (_ssl.c:1010), retry in 5s
    network error [SSL: CERTIFICATE_VERIFY_FAILED] certificate verify failed: unable to get local issuer certificate (_ssl.c:1010), retry in 10s
    network error [SSL: CERTIFICATE_VERIFY_FAILED] certificate verify failed: unable to get local issuer certificate (_ssl.c:1010), retry in 15s
    network error [SSL: CERTIFICATE_VERIFY_FAILED] certificate verify failed: unable to get local issuer certificate (_ssl.c:1010), retry in 20s
    network error [SSL: CERTIFICATE_VERIFY_FAILED] certificate verify failed: unable to get local issuer certificate (_ssl.c:1010), retry in 25s
  ! ALL_VOTES stopped at start=0: gave up after retries
    network error [SSL: CERTIFICATE_VERIFY_FAILED] certificate verify failed: unable to get local issuer certificate (_ssl.c:1010), retry in 5s
    network error [SSL: CERTIFICATE_VERIFY_FAILED] certificate verify failed: unable to get local issuer certificate (_ssl.c:1010), retry in 10s
    network error [SSL: CERTIFICATE_VERIFY_FAILED] certificate verify failed: unable to get local issuer certificate (_ssl.c:1010), retry in 15s
    network error [SSL: CERTIFICATE_VERIFY_FAILED] certificate verify failed: unable to get local issuer certificate (_ssl.c:1010), retry in 20s
    network error [SSL: CERTIFICATE_VERIFY_FAILED] certificate verify failed: unable to get local issuer certificate (_ssl.c:1010), retry in 25s
  ! INSTANT_REPOSTS stopped at start=0: gave up after retries
    network error [SSL: CERTIFICATE_VERIFY_FAILED] certificate verify failed: unable to get local issuer certificate (_ssl.c:1010), retry in 5s
    network error [SSL: CERTIFICATE_VERIFY_FAILED] certificate verify failed: unable to get local issuer certificate (_ssl.c:1010), retry in 10s
    network error [SSL: CERTIFICATE_VERIFY_FAILED] certificate verify failed: unable to get local issuer certificate (_ssl.c:1010), retry in 15s
    network error [SSL: CERTIFICATE_VERIFY_FAILED] certificate verify failed: unable to get local issuer certificate (_ssl.c:1010), retry in 20s
    network error [SSL: CERTIFICATE_VERIFY_FAILED] certificate verify failed: unable to get local issuer certificate (_ssl.c:1010), retry in 25s
  ! RICH_MEDIA stopped at start=0: gave up after retries
== MEMBER_SHARE_INFO
  (not ready — LinkedIn still processing this domain; re-run later)
== ARTICLES
  (not ready — LinkedIn still processing this domain; re-run later)
== ALL_COMMENTS
  (not ready — LinkedIn still processing this domain; re-run later)
== ALL_LIKES
  (not ready — LinkedIn still processing this domain; re-run later)
== ALL_VOTES
  (not ready — LinkedIn still processing this domain; re-run later)
== INSTANT_REPOSTS
  (not ready — LinkedIn still processing this domain; re-run later)
== RICH_MEDIA
  (not ready — LinkedIn still processing this domain; re-run later)

== summary ==
  MEMBER_SHARE_INFO: 0 records
  ARTICLES: 0 records
  ALL_COMMENTS: 0 records
  ALL_LIKES: 0 records
  ALL_VOTES: 0 records
  INSTANT_REPOSTS: 0 records
  RICH_MEDIA: 0 records

Written to /Users/maaretp/Documents/own-code/legacy/archives/linkedin/snapshot/
[poll] not ready yet; sleeping 1200s
[poll 21/72 2026-08-31 09:22] fetching --content domains
    network error [SSL: CERTIFICATE_VERIFY_FAILED] certificate verify failed: unable to get local issuer certificate (_ssl.c:1010), retry in 5s
    network error [SSL: CERTIFICATE_VERIFY_FAILED] certificate verify failed: unable to get local issuer certificate (_ssl.c:1010), retry in 10s
    network error [SSL: CERTIFICATE_VERIFY_FAILED] certificate verify failed: unable to get local issuer certificate (_ssl.c:1010), retry in 15s
    network error [SSL: CERTIFICATE_VERIFY_FAILED] certificate verify failed: unable to get local issuer certificate (_ssl.c:1010), retry in 20s
    network error [SSL: CERTIFICATE_VERIFY_FAILED] certificate verify failed: unable to get local issuer certificate (_ssl.c:1010), retry in 25s
  ! MEMBER_SHARE_INFO stopped at start=0: gave up after retries
    network error [SSL: CERTIFICATE_VERIFY_FAILED] certificate verify failed: unable to get local issuer certificate (_ssl.c:1010), retry in 5s
    network error [SSL: CERTIFICATE_VERIFY_FAILED] certificate verify failed: unable to get local issuer certificate (_ssl.c:1010), retry in 10s
    network error [SSL: CERTIFICATE_VERIFY_FAILED] certificate verify failed: unable to get local issuer certificate (_ssl.c:1010), retry in 15s
    network error [SSL: CERTIFICATE_VERIFY_FAILED] certificate verify failed: unable to get local issuer certificate (_ssl.c:1010), retry in 20s
    network error [SSL: CERTIFICATE_VERIFY_FAILED] certificate verify failed: unable to get local issuer certificate (_ssl.c:1010), retry in 25s
  ! ARTICLES stopped at start=0: gave up after retries
    network error [SSL: CERTIFICATE_VERIFY_FAILED] certificate verify failed: unable to get local issuer certificate (_ssl.c:1010), retry in 5s
    network error [SSL: CERTIFICATE_VERIFY_FAILED] certificate verify failed: unable to get local issuer certificate (_ssl.c:1010), retry in 10s
    network error [SSL: CERTIFICATE_VERIFY_FAILED] certificate verify failed: unable to get local issuer certificate (_ssl.c:1010), retry in 15s
    network error [SSL: CERTIFICATE_VERIFY_FAILED] certificate verify failed: unable to get local issuer certificate (_ssl.c:1010), retry in 20s
    network error [SSL: CERTIFICATE_VERIFY_FAILED] certificate verify failed: unable to get local issuer certificate (_ssl.c:1010), retry in 25s
  ! ALL_COMMENTS stopped at start=0: gave up after retries
    network error [SSL: CERTIFICATE_VERIFY_FAILED] certificate verify failed: unable to get local issuer certificate (_ssl.c:1010), retry in 5s
    network error [SSL: CERTIFICATE_VERIFY_FAILED] certificate verify failed: unable to get local issuer certificate (_ssl.c:1010), retry in 10s
    network error [SSL: CERTIFICATE_VERIFY_FAILED] certificate verify failed: unable to get local issuer certificate (_ssl.c:1010), retry in 15s
    network error [SSL: CERTIFICATE_VERIFY_FAILED] certificate verify failed: unable to get local issuer certificate (_ssl.c:1010), retry in 20s
    network error [SSL: CERTIFICATE_VERIFY_FAILED] certificate verify failed: unable to get local issuer certificate (_ssl.c:1010), retry in 25s
  ! ALL_LIKES stopped at start=0: gave up after retries
    network error [SSL: CERTIFICATE_VERIFY_FAILED] certificate verify failed: unable to get local issuer certificate (_ssl.c:1010), retry in 5s
    network error [SSL: CERTIFICATE_VERIFY_FAILED] certificate verify failed: unable to get local issuer certificate (_ssl.c:1010), retry in 10s
    network error [SSL: CERTIFICATE_VERIFY_FAILED] certificate verify failed: unable to get local issuer certificate (_ssl.c:1010), retry in 15s
    network error [SSL: CERTIFICATE_VERIFY_FAILED] certificate verify failed: unable to get local issuer certificate (_ssl.c:1010), retry in 20s
    network error [SSL: CERTIFICATE_VERIFY_FAILED] certificate verify failed: unable to get local issuer certificate (_ssl.c:1010), retry in 25s
  ! ALL_VOTES stopped at start=0: gave up after retries
    network error [SSL: CERTIFICATE_VERIFY_FAILED] certificate verify failed: unable to get local issuer certificate (_ssl.c:1010), retry in 5s
    network error [SSL: CERTIFICATE_VERIFY_FAILED] certificate verify failed: unable to get local issuer certificate (_ssl.c:1010), retry in 10s
    network error [SSL: CERTIFICATE_VERIFY_FAILED] certificate verify failed: unable to get local issuer certificate (_ssl.c:1010), retry in 15s
    network error [SSL: CERTIFICATE_VERIFY_FAILED] certificate verify failed: unable to get local issuer certificate (_ssl.c:1010), retry in 20s
    network error [SSL: CERTIFICATE_VERIFY_FAILED] certificate verify failed: unable to get local issuer certificate (_ssl.c:1010), retry in 25s
  ! INSTANT_REPOSTS stopped at start=0: gave up after retries
    network error [SSL: CERTIFICATE_VERIFY_FAILED] certificate verify failed: unable to get local issuer certificate (_ssl.c:1010), retry in 5s
    network error [SSL: CERTIFICATE_VERIFY_FAILED] certificate verify failed: unable to get local issuer certificate (_ssl.c:1010), retry in 10s
    network error [SSL: CERTIFICATE_VERIFY_FAILED] certificate verify failed: unable to get local issuer certificate (_ssl.c:1010), retry in 15s
    network error [SSL: CERTIFICATE_VERIFY_FAILED] certificate verify failed: unable to get local issuer certificate (_ssl.c:1010), retry in 20s
    network error [SSL: CERTIFICATE_VERIFY_FAILED] certificate verify failed: unable to get local issuer certificate (_ssl.c:1010), retry in 25s
  ! RICH_MEDIA stopped at start=0: gave up after retries
== MEMBER_SHARE_INFO
  (not ready — LinkedIn still processing this domain; re-run later)
== ARTICLES
  (not ready — LinkedIn still processing this domain; re-run later)
== ALL_COMMENTS
  (not ready — LinkedIn still processing this domain; re-run later)
== ALL_LIKES
  (not ready — LinkedIn still processing this domain; re-run later)
== ALL_VOTES
  (not ready — LinkedIn still processing this domain; re-run later)
== INSTANT_REPOSTS
  (not ready — LinkedIn still processing this domain; re-run later)
== RICH_MEDIA
  (not ready — LinkedIn still processing this domain; re-run later)

== summary ==
  MEMBER_SHARE_INFO: 0 records
  ARTICLES: 0 records
  ALL_COMMENTS: 0 records
  ALL_LIKES: 0 records
  ALL_VOTES: 0 records
  INSTANT_REPOSTS: 0 records
  RICH_MEDIA: 0 records

Written to /Users/maaretp/Documents/own-code/legacy/archives/linkedin/snapshot/
[poll] not ready yet; sleeping 1200s
[poll 22/72 2026-08-31 09:51] fetching --content domains
    network error [SSL: CERTIFICATE_VERIFY_FAILED] certificate verify failed: unable to get local issuer certificate (_ssl.c:1010), retry in 5s
    network error [SSL: CERTIFICATE_VERIFY_FAILED] certificate verify failed: unable to get local issuer certificate (_ssl.c:1010), retry in 10s
    network error [SSL: CERTIFICATE_VERIFY_FAILED] certificate verify failed: unable to get local issuer certificate (_ssl.c:1010), retry in 15s
    network error [SSL: CERTIFICATE_VERIFY_FAILED] certificate verify failed: unable to get local issuer certificate (_ssl.c:1010), retry in 20s
    network error [SSL: CERTIFICATE_VERIFY_FAILED] certificate verify failed: unable to get local issuer certificate (_ssl.c:1010), retry in 25s
  ! MEMBER_SHARE_INFO stopped at start=0: gave up after retries
    network error [SSL: CERTIFICATE_VERIFY_FAILED] certificate verify failed: unable to get local issuer certificate (_ssl.c:1010), retry in 5s
    network error [SSL: CERTIFICATE_VERIFY_FAILED] certificate verify failed: unable to get local issuer certificate (_ssl.c:1010), retry in 10s
    network error [SSL: CERTIFICATE_VERIFY_FAILED] certificate verify failed: unable to get local issuer certificate (_ssl.c:1010), retry in 15s
    network error [SSL: CERTIFICATE_VERIFY_FAILED] certificate verify failed: unable to get local issuer certificate (_ssl.c:1010), retry in 20s
    network error [SSL: CERTIFICATE_VERIFY_FAILED] certificate verify failed: unable to get local issuer certificate (_ssl.c:1010), retry in 25s
  ! ARTICLES stopped at start=0: gave up after retries
    network error [SSL: CERTIFICATE_VERIFY_FAILED] certificate verify failed: unable to get local issuer certificate (_ssl.c:1010), retry in 5s
    network error [SSL: CERTIFICATE_VERIFY_FAILED] certificate verify failed: unable to get local issuer certificate (_ssl.c:1010), retry in 10s
    network error [SSL: CERTIFICATE_VERIFY_FAILED] certificate verify failed: unable to get local issuer certificate (_ssl.c:1010), retry in 15s
    network error [SSL: CERTIFICATE_VERIFY_FAILED] certificate verify failed: unable to get local issuer certificate (_ssl.c:1010), retry in 20s
    network error [SSL: CERTIFICATE_VERIFY_FAILED] certificate verify failed: unable to get local issuer certificate (_ssl.c:1010), retry in 25s
  ! ALL_COMMENTS stopped at start=0: gave up after retries
    network error [SSL: CERTIFICATE_VERIFY_FAILED] certificate verify failed: unable to get local issuer certificate (_ssl.c:1010), retry in 5s
    network error [SSL: CERTIFICATE_VERIFY_FAILED] certificate verify failed: unable to get local issuer certificate (_ssl.c:1010), retry in 10s
    network error [SSL: CERTIFICATE_VERIFY_FAILED] certificate verify failed: unable to get local issuer certificate (_ssl.c:1010), retry in 15s
    network error [SSL: CERTIFICATE_VERIFY_FAILED] certificate verify failed: unable to get local issuer certificate (_ssl.c:1010), retry in 20s
    network error [SSL: CERTIFICATE_VERIFY_FAILED] certificate verify failed: unable to get local issuer certificate (_ssl.c:1010), retry in 25s
  ! ALL_LIKES stopped at start=0: gave up after retries
    network error [SSL: CERTIFICATE_VERIFY_FAILED] certificate verify failed: unable to get local issuer certificate (_ssl.c:1010), retry in 5s
    network error [SSL: CERTIFICATE_VERIFY_FAILED] certificate verify failed: unable to get local issuer certificate (_ssl.c:1010), retry in 10s
    network error [SSL: CERTIFICATE_VERIFY_FAILED] certificate verify failed: unable to get local issuer certificate (_ssl.c:1010), retry in 15s
    network error [SSL: CERTIFICATE_VERIFY_FAILED] certificate verify failed: unable to get local issuer certificate (_ssl.c:1010), retry in 20s
    network error [SSL: CERTIFICATE_VERIFY_FAILED] certificate verify failed: unable to get local issuer certificate (_ssl.c:1010), retry in 25s
  ! ALL_VOTES stopped at start=0: gave up after retries
    network error [SSL: CERTIFICATE_VERIFY_FAILED] certificate verify failed: unable to get local issuer certificate (_ssl.c:1010), retry in 5s
    network error [SSL: CERTIFICATE_VERIFY_FAILED] certificate verify failed: unable to get local issuer certificate (_ssl.c:1010), retry in 10s
    network error [SSL: CERTIFICATE_VERIFY_FAILED] certificate verify failed: unable to get local issuer certificate (_ssl.c:1010), retry in 15s
    network error [SSL: CERTIFICATE_VERIFY_FAILED] certificate verify failed: unable to get local issuer certificate (_ssl.c:1010), retry in 20s
    network error [SSL: CERTIFICATE_VERIFY_FAILED] certificate verify failed: unable to get local issuer certificate (_ssl.c:1010), retry in 25s
  ! INSTANT_REPOSTS stopped at start=0: gave up after retries
    network error [SSL: CERTIFICATE_VERIFY_FAILED] certificate verify failed: unable to get local issuer certificate (_ssl.c:1010), retry in 5s
    network error [SSL: CERTIFICATE_VERIFY_FAILED] certificate verify failed: unable to get local issuer certificate (_ssl.c:1010), retry in 10s
    network error [SSL: CERTIFICATE_VERIFY_FAILED] certificate verify failed: unable to get local issuer certificate (_ssl.c:1010), retry in 15s
    network error [SSL: CERTIFICATE_VERIFY_FAILED] certificate verify failed: unable to get local issuer certificate (_ssl.c:1010), retry in 20s
    network error [SSL: CERTIFICATE_VERIFY_FAILED] certificate verify failed: unable to get local issuer certificate (_ssl.c:1010), retry in 25s
  ! RICH_MEDIA stopped at start=0: gave up after retries
== MEMBER_SHARE_INFO
  (not ready — LinkedIn still processing this domain; re-run later)
== ARTICLES
  (not ready — LinkedIn still processing this domain; re-run later)
== ALL_COMMENTS
  (not ready — LinkedIn still processing this domain; re-run later)
== ALL_LIKES
  (not ready — LinkedIn still processing this domain; re-run later)
== ALL_VOTES
  (not ready — LinkedIn still processing this domain; re-run later)
== INSTANT_REPOSTS
  (not ready — LinkedIn still processing this domain; re-run later)
== RICH_MEDIA
  (not ready — LinkedIn still processing this domain; re-run later)

== summary ==
  MEMBER_SHARE_INFO: 0 records
  ARTICLES: 0 records
  ALL_COMMENTS: 0 records
  ALL_LIKES: 0 records
  ALL_VOTES: 0 records
  INSTANT_REPOSTS: 0 records
  RICH_MEDIA: 0 records

Written to /Users/maaretp/Documents/own-code/legacy/archives/linkedin/snapshot/
[poll] not ready yet; sleeping 1200s
[poll 23/72 2026-08-31 10:20] fetching --content domains
    network error [SSL: CERTIFICATE_VERIFY_FAILED] certificate verify failed: unable to get local issuer certificate (_ssl.c:1010), retry in 5s
    network error [SSL: CERTIFICATE_VERIFY_FAILED] certificate verify failed: unable to get local issuer certificate (_ssl.c:1010), retry in 10s
    network error [SSL: CERTIFICATE_VERIFY_FAILED] certificate verify failed: unable to get local issuer certificate (_ssl.c:1010), retry in 15s
    network error [SSL: CERTIFICATE_VERIFY_FAILED] certificate verify failed: unable to get local issuer certificate (_ssl.c:1010), retry in 20s
    network error [SSL: CERTIFICATE_VERIFY_FAILED] certificate verify failed: unable to get local issuer certificate (_ssl.c:1010), retry in 25s
  ! MEMBER_SHARE_INFO stopped at start=0: gave up after retries
    network error [SSL: CERTIFICATE_VERIFY_FAILED] certificate verify failed: unable to get local issuer certificate (_ssl.c:1010), retry in 5s
    network error [SSL: CERTIFICATE_VERIFY_FAILED] certificate verify failed: unable to get local issuer certificate (_ssl.c:1010), retry in 10s
    network error [SSL: CERTIFICATE_VERIFY_FAILED] certificate verify failed: unable to get local issuer certificate (_ssl.c:1010), retry in 15s
    network error [SSL: CERTIFICATE_VERIFY_FAILED] certificate verify failed: unable to get local issuer certificate (_ssl.c:1010), retry in 20s
    network error [SSL: CERTIFICATE_VERIFY_FAILED] certificate verify failed: unable to get local issuer certificate (_ssl.c:1010), retry in 25s
  ! ARTICLES stopped at start=0: gave up after retries
    network error [SSL: CERTIFICATE_VERIFY_FAILED] certificate verify failed: unable to get local issuer certificate (_ssl.c:1010), retry in 5s
    network error [SSL: CERTIFICATE_VERIFY_FAILED] certificate verify failed: unable to get local issuer certificate (_ssl.c:1010), retry in 10s
    network error [SSL: CERTIFICATE_VERIFY_FAILED] certificate verify failed: unable to get local issuer certificate (_ssl.c:1010), retry in 15s
    network error [SSL: CERTIFICATE_VERIFY_FAILED] certificate verify failed: unable to get local issuer certificate (_ssl.c:1010), retry in 20s
    network error [SSL: CERTIFICATE_VERIFY_FAILED] certificate verify failed: unable to get local issuer certificate (_ssl.c:1010), retry in 25s
  ! ALL_COMMENTS stopped at start=0: gave up after retries
    network error [SSL: CERTIFICATE_VERIFY_FAILED] certificate verify failed: unable to get local issuer certificate (_ssl.c:1010), retry in 5s
    network error [SSL: CERTIFICATE_VERIFY_FAILED] certificate verify failed: unable to get local issuer certificate (_ssl.c:1010), retry in 10s
    network error [SSL: CERTIFICATE_VERIFY_FAILED] certificate verify failed: unable to get local issuer certificate (_ssl.c:1010), retry in 15s
    network error [SSL: CERTIFICATE_VERIFY_FAILED] certificate verify failed: unable to get local issuer certificate (_ssl.c:1010), retry in 20s
    network error [SSL: CERTIFICATE_VERIFY_FAILED] certificate verify failed: unable to get local issuer certificate (_ssl.c:1010), retry in 25s
  ! ALL_LIKES stopped at start=0: gave up after retries
    network error [SSL: CERTIFICATE_VERIFY_FAILED] certificate verify failed: unable to get local issuer certificate (_ssl.c:1010), retry in 5s
    network error [SSL: CERTIFICATE_VERIFY_FAILED] certificate verify failed: unable to get local issuer certificate (_ssl.c:1010), retry in 10s
    network error [SSL: CERTIFICATE_VERIFY_FAILED] certificate verify failed: unable to get local issuer certificate (_ssl.c:1010), retry in 15s
    network error [SSL: CERTIFICATE_VERIFY_FAILED] certificate verify failed: unable to get local issuer certificate (_ssl.c:1010), retry in 20s
    network error [SSL: CERTIFICATE_VERIFY_FAILED] certificate verify failed: unable to get local issuer certificate (_ssl.c:1010), retry in 25s
  ! ALL_VOTES stopped at start=0: gave up after retries
    network error [SSL: CERTIFICATE_VERIFY_FAILED] certificate verify failed: unable to get local issuer certificate (_ssl.c:1010), retry in 5s
    network error [SSL: CERTIFICATE_VERIFY_FAILED] certificate verify failed: unable to get local issuer certificate (_ssl.c:1010), retry in 10s
    network error [SSL: CERTIFICATE_VERIFY_FAILED] certificate verify failed: unable to get local issuer certificate (_ssl.c:1010), retry in 15s
    network error [SSL: CERTIFICATE_VERIFY_FAILED] certificate verify failed: unable to get local issuer certificate (_ssl.c:1010), retry in 20s
    network error [SSL: CERTIFICATE_VERIFY_FAILED] certificate verify failed: unable to get local issuer certificate (_ssl.c:1010), retry in 25s
  ! INSTANT_REPOSTS stopped at start=0: gave up after retries
    network error [SSL: CERTIFICATE_VERIFY_FAILED] certificate verify failed: unable to get local issuer certificate (_ssl.c:1010), retry in 5s
    network error [SSL: CERTIFICATE_VERIFY_FAILED] certificate verify failed: unable to get local issuer certificate (_ssl.c:1010), retry in 10s
    network error [SSL: CERTIFICATE_VERIFY_FAILED] certificate verify failed: unable to get local issuer certificate (_ssl.c:1010), retry in 15s
    network error [SSL: CERTIFICATE_VERIFY_FAILED] certificate verify failed: unable to get local issuer certificate (_ssl.c:1010), retry in 20s
    network error [SSL: CERTIFICATE_VERIFY_FAILED] certificate verify failed: unable to get local issuer certificate (_ssl.c:1010), retry in 25s
  ! RICH_MEDIA stopped at start=0: gave up after retries
== MEMBER_SHARE_INFO
  (not ready — LinkedIn still processing this domain; re-run later)
== ARTICLES
  (not ready — LinkedIn still processing this domain; re-run later)
== ALL_COMMENTS
  (not ready — LinkedIn still processing this domain; re-run later)
== ALL_LIKES
  (not ready — LinkedIn still processing this domain; re-run later)
== ALL_VOTES
  (not ready — LinkedIn still processing this domain; re-run later)
== INSTANT_REPOSTS
  (not ready — LinkedIn still processing this domain; re-run later)
== RICH_MEDIA
  (not ready — LinkedIn still processing this domain; re-run later)

== summary ==
  MEMBER_SHARE_INFO: 0 records
  ARTICLES: 0 records
  ALL_COMMENTS: 0 records
  ALL_LIKES: 0 records
  ALL_VOTES: 0 records
  INSTANT_REPOSTS: 0 records
  RICH_MEDIA: 0 records

Written to /Users/maaretp/Documents/own-code/legacy/archives/linkedin/snapshot/
[poll] not ready yet; sleeping 1200s
[poll 24/72 2026-08-31 10:49] fetching --content domains
    network error [SSL: CERTIFICATE_VERIFY_FAILED] certificate verify failed: unable to get local issuer certificate (_ssl.c:1010), retry in 5s
    network error [SSL: CERTIFICATE_VERIFY_FAILED] certificate verify failed: unable to get local issuer certificate (_ssl.c:1010), retry in 10s
    network error [SSL: CERTIFICATE_VERIFY_FAILED] certificate verify failed: unable to get local issuer certificate (_ssl.c:1010), retry in 15s
    network error [SSL: CERTIFICATE_VERIFY_FAILED] certificate verify failed: unable to get local issuer certificate (_ssl.c:1010), retry in 20s
    network error [SSL: CERTIFICATE_VERIFY_FAILED] certificate verify failed: unable to get local issuer certificate (_ssl.c:1010), retry in 25s
  ! MEMBER_SHARE_INFO stopped at start=0: gave up after retries
    network error [SSL: CERTIFICATE_VERIFY_FAILED] certificate verify failed: unable to get local issuer certificate (_ssl.c:1010), retry in 5s
    network error [SSL: CERTIFICATE_VERIFY_FAILED] certificate verify failed: unable to get local issuer certificate (_ssl.c:1010), retry in 10s
    network error [SSL: CERTIFICATE_VERIFY_FAILED] certificate verify failed: unable to get local issuer certificate (_ssl.c:1010), retry in 15s
    network error [SSL: CERTIFICATE_VERIFY_FAILED] certificate verify failed: unable to get local issuer certificate (_ssl.c:1010), retry in 20s
    network error [SSL: CERTIFICATE_VERIFY_FAILED] certificate verify failed: unable to get local issuer certificate (_ssl.c:1010), retry in 25s
  ! ARTICLES stopped at start=0: gave up after retries
    network error [SSL: CERTIFICATE_VERIFY_FAILED] certificate verify failed: unable to get local issuer certificate (_ssl.c:1010), retry in 5s
    network error [SSL: CERTIFICATE_VERIFY_FAILED] certificate verify failed: unable to get local issuer certificate (_ssl.c:1010), retry in 10s
    network error [SSL: CERTIFICATE_VERIFY_FAILED] certificate verify failed: unable to get local issuer certificate (_ssl.c:1010), retry in 15s
    network error [SSL: CERTIFICATE_VERIFY_FAILED] certificate verify failed: unable to get local issuer certificate (_ssl.c:1010), retry in 20s
    network error [SSL: CERTIFICATE_VERIFY_FAILED] certificate verify failed: unable to get local issuer certificate (_ssl.c:1010), retry in 25s
  ! ALL_COMMENTS stopped at start=0: gave up after retries
    network error [SSL: CERTIFICATE_VERIFY_FAILED] certificate verify failed: unable to get local issuer certificate (_ssl.c:1010), retry in 5s
    network error [SSL: CERTIFICATE_VERIFY_FAILED] certificate verify failed: unable to get local issuer certificate (_ssl.c:1010), retry in 10s
    network error [SSL: CERTIFICATE_VERIFY_FAILED] certificate verify failed: unable to get local issuer certificate (_ssl.c:1010), retry in 15s
    network error [SSL: CERTIFICATE_VERIFY_FAILED] certificate verify failed: unable to get local issuer certificate (_ssl.c:1010), retry in 20s
    network error [SSL: CERTIFICATE_VERIFY_FAILED] certificate verify failed: unable to get local issuer certificate (_ssl.c:1010), retry in 25s
  ! ALL_LIKES stopped at start=0: gave up after retries
    network error [SSL: CERTIFICATE_VERIFY_FAILED] certificate verify failed: unable to get local issuer certificate (_ssl.c:1010), retry in 5s
    network error [SSL: CERTIFICATE_VERIFY_FAILED] certificate verify failed: unable to get local issuer certificate (_ssl.c:1010), retry in 10s
    network error [SSL: CERTIFICATE_VERIFY_FAILED] certificate verify failed: unable to get local issuer certificate (_ssl.c:1010), retry in 15s
    network error [SSL: CERTIFICATE_VERIFY_FAILED] certificate verify failed: unable to get local issuer certificate (_ssl.c:1010), retry in 20s
    network error [SSL: CERTIFICATE_VERIFY_FAILED] certificate verify failed: unable to get local issuer certificate (_ssl.c:1010), retry in 25s
  ! ALL_VOTES stopped at start=0: gave up after retries
    network error [SSL: CERTIFICATE_VERIFY_FAILED] certificate verify failed: unable to get local issuer certificate (_ssl.c:1010), retry in 5s
    network error [SSL: CERTIFICATE_VERIFY_FAILED] certificate verify failed: unable to get local issuer certificate (_ssl.c:1010), retry in 10s
    network error [SSL: CERTIFICATE_VERIFY_FAILED] certificate verify failed: unable to get local issuer certificate (_ssl.c:1010), retry in 15s
    network error [SSL: CERTIFICATE_VERIFY_FAILED] certificate verify failed: unable to get local issuer certificate (_ssl.c:1010), retry in 20s
    network error [SSL: CERTIFICATE_VERIFY_FAILED] certificate verify failed: unable to get local issuer certificate (_ssl.c:1010), retry in 25s
  ! INSTANT_REPOSTS stopped at start=0: gave up after retries
    network error [SSL: CERTIFICATE_VERIFY_FAILED] certificate verify failed: unable to get local issuer certificate (_ssl.c:1010), retry in 5s
    network error [SSL: CERTIFICATE_VERIFY_FAILED] certificate verify failed: unable to get local issuer certificate (_ssl.c:1010), retry in 10s
    network error [SSL: CERTIFICATE_VERIFY_FAILED] certificate verify failed: unable to get local issuer certificate (_ssl.c:1010), retry in 15s
    network error [SSL: CERTIFICATE_VERIFY_FAILED] certificate verify failed: unable to get local issuer certificate (_ssl.c:1010), retry in 20s
    network error [SSL: CERTIFICATE_VERIFY_FAILED] certificate verify failed: unable to get local issuer certificate (_ssl.c:1010), retry in 25s
  ! RICH_MEDIA stopped at start=0: gave up after retries
== MEMBER_SHARE_INFO
  (not ready — LinkedIn still processing this domain; re-run later)
== ARTICLES
  (not ready — LinkedIn still processing this domain; re-run later)
== ALL_COMMENTS
  (not ready — LinkedIn still processing this domain; re-run later)
== ALL_LIKES
  (not ready — LinkedIn still processing this domain; re-run later)
== ALL_VOTES
  (not ready — LinkedIn still processing this domain; re-run later)
== INSTANT_REPOSTS
  (not ready — LinkedIn still processing this domain; re-run later)
== RICH_MEDIA
  (not ready — LinkedIn still processing this domain; re-run later)

== summary ==
  MEMBER_SHARE_INFO: 0 records
  ARTICLES: 0 records
  ALL_COMMENTS: 0 records
  ALL_LIKES: 0 records
  ALL_VOTES: 0 records
  INSTANT_REPOSTS: 0 records
  RICH_MEDIA: 0 records

Written to /Users/maaretp/Documents/own-code/legacy/archives/linkedin/snapshot/
[poll] not ready yet; sleeping 1200s
[poll 25/72 2026-08-31 11:18] fetching --content domains
    network error [SSL: CERTIFICATE_VERIFY_FAILED] certificate verify failed: unable to get local issuer certificate (_ssl.c:1010), retry in 5s
    network error [SSL: CERTIFICATE_VERIFY_FAILED] certificate verify failed: unable to get local issuer certificate (_ssl.c:1010), retry in 10s
    network error [SSL: CERTIFICATE_VERIFY_FAILED] certificate verify failed: unable to get local issuer certificate (_ssl.c:1010), retry in 15s
    network error [SSL: CERTIFICATE_VERIFY_FAILED] certificate verify failed: unable to get local issuer certificate (_ssl.c:1010), retry in 20s
    network error [SSL: CERTIFICATE_VERIFY_FAILED] certificate verify failed: unable to get local issuer certificate (_ssl.c:1010), retry in 25s
  ! MEMBER_SHARE_INFO stopped at start=0: gave up after retries
    network error [SSL: CERTIFICATE_VERIFY_FAILED] certificate verify failed: unable to get local issuer certificate (_ssl.c:1010), retry in 5s
    network error [SSL: CERTIFICATE_VERIFY_FAILED] certificate verify failed: unable to get local issuer certificate (_ssl.c:1010), retry in 10s
    network error [SSL: CERTIFICATE_VERIFY_FAILED] certificate verify failed: unable to get local issuer certificate (_ssl.c:1010), retry in 15s
    network error [SSL: CERTIFICATE_VERIFY_FAILED] certificate verify failed: unable to get local issuer certificate (_ssl.c:1010), retry in 20s
    network error [SSL: CERTIFICATE_VERIFY_FAILED] certificate verify failed: unable to get local issuer certificate (_ssl.c:1010), retry in 25s
  ! ARTICLES stopped at start=0: gave up after retries
    network error [SSL: CERTIFICATE_VERIFY_FAILED] certificate verify failed: unable to get local issuer certificate (_ssl.c:1010), retry in 5s
    network error [SSL: CERTIFICATE_VERIFY_FAILED] certificate verify failed: unable to get local issuer certificate (_ssl.c:1010), retry in 10s
    network error [SSL: CERTIFICATE_VERIFY_FAILED] certificate verify failed: unable to get local issuer certificate (_ssl.c:1010), retry in 15s
    network error [SSL: CERTIFICATE_VERIFY_FAILED] certificate verify failed: unable to get local issuer certificate (_ssl.c:1010), retry in 20s
    network error [SSL: CERTIFICATE_VERIFY_FAILED] certificate verify failed: unable to get local issuer certificate (_ssl.c:1010), retry in 25s
  ! ALL_COMMENTS stopped at start=0: gave up after retries
    network error [SSL: CERTIFICATE_VERIFY_FAILED] certificate verify failed: unable to get local issuer certificate (_ssl.c:1010), retry in 5s
    network error [SSL: CERTIFICATE_VERIFY_FAILED] certificate verify failed: unable to get local issuer certificate (_ssl.c:1010), retry in 10s
    network error [SSL: CERTIFICATE_VERIFY_FAILED] certificate verify failed: unable to get local issuer certificate (_ssl.c:1010), retry in 15s
    network error [SSL: CERTIFICATE_VERIFY_FAILED] certificate verify failed: unable to get local issuer certificate (_ssl.c:1010), retry in 20s
    network error [SSL: CERTIFICATE_VERIFY_FAILED] certificate verify failed: unable to get local issuer certificate (_ssl.c:1010), retry in 25s
  ! ALL_LIKES stopped at start=0: gave up after retries
    network error [SSL: CERTIFICATE_VERIFY_FAILED] certificate verify failed: unable to get local issuer certificate (_ssl.c:1010), retry in 5s
    network error [SSL: CERTIFICATE_VERIFY_FAILED] certificate verify failed: unable to get local issuer certificate (_ssl.c:1010), retry in 10s
    network error [SSL: CERTIFICATE_VERIFY_FAILED] certificate verify failed: unable to get local issuer certificate (_ssl.c:1010), retry in 15s
    network error [SSL: CERTIFICATE_VERIFY_FAILED] certificate verify failed: unable to get local issuer certificate (_ssl.c:1010), retry in 20s
    network error [SSL: CERTIFICATE_VERIFY_FAILED] certificate verify failed: unable to get local issuer certificate (_ssl.c:1010), retry in 25s
  ! ALL_VOTES stopped at start=0: gave up after retries
    network error [SSL: CERTIFICATE_VERIFY_FAILED] certificate verify failed: unable to get local issuer certificate (_ssl.c:1010), retry in 5s
    network error [SSL: CERTIFICATE_VERIFY_FAILED] certificate verify failed: unable to get local issuer certificate (_ssl.c:1010), retry in 10s
    network error [SSL: CERTIFICATE_VERIFY_FAILED] certificate verify failed: unable to get local issuer certificate (_ssl.c:1010), retry in 15s
    network error [SSL: CERTIFICATE_VERIFY_FAILED] certificate verify failed: unable to get local issuer certificate (_ssl.c:1010), retry in 20s
    network error [SSL: CERTIFICATE_VERIFY_FAILED] certificate verify failed: unable to get local issuer certificate (_ssl.c:1010), retry in 25s
  ! INSTANT_REPOSTS stopped at start=0: gave up after retries
    network error [SSL: CERTIFICATE_VERIFY_FAILED] certificate verify failed: unable to get local issuer certificate (_ssl.c:1010), retry in 5s
    network error [SSL: CERTIFICATE_VERIFY_FAILED] certificate verify failed: unable to get local issuer certificate (_ssl.c:1010), retry in 10s
    network error [SSL: CERTIFICATE_VERIFY_FAILED] certificate verify failed: unable to get local issuer certificate (_ssl.c:1010), retry in 15s
    network error [SSL: CERTIFICATE_VERIFY_FAILED] certificate verify failed: unable to get local issuer certificate (_ssl.c:1010), retry in 20s
    network error [SSL: CERTIFICATE_VERIFY_FAILED] certificate verify failed: unable to get local issuer certificate (_ssl.c:1010), retry in 25s
  ! RICH_MEDIA stopped at start=0: gave up after retries
== MEMBER_SHARE_INFO
  (not ready — LinkedIn still processing this domain; re-run later)
== ARTICLES
  (not ready — LinkedIn still processing this domain; re-run later)
== ALL_COMMENTS
  (not ready — LinkedIn still processing this domain; re-run later)
== ALL_LIKES
  (not ready — LinkedIn still processing this domain; re-run later)
== ALL_VOTES
  (not ready — LinkedIn still processing this domain; re-run later)
== INSTANT_REPOSTS
  (not ready — LinkedIn still processing this domain; re-run later)
== RICH_MEDIA
  (not ready — LinkedIn still processing this domain; re-run later)

== summary ==
  MEMBER_SHARE_INFO: 0 records
  ARTICLES: 0 records
  ALL_COMMENTS: 0 records
  ALL_LIKES: 0 records
  ALL_VOTES: 0 records
  INSTANT_REPOSTS: 0 records
  RICH_MEDIA: 0 records

Written to /Users/maaretp/Documents/own-code/legacy/archives/linkedin/snapshot/
[poll] not ready yet; sleeping 1200s
[poll 26/72 2026-08-31 11:47] fetching --content domains
    network error [SSL: CERTIFICATE_VERIFY_FAILED] certificate verify failed: unable to get local issuer certificate (_ssl.c:1010), retry in 5s
    network error [SSL: CERTIFICATE_VERIFY_FAILED] certificate verify failed: unable to get local issuer certificate (_ssl.c:1010), retry in 10s
    network error [SSL: CERTIFICATE_VERIFY_FAILED] certificate verify failed: unable to get local issuer certificate (_ssl.c:1010), retry in 15s
    network error [SSL: CERTIFICATE_VERIFY_FAILED] certificate verify failed: unable to get local issuer certificate (_ssl.c:1010), retry in 20s
    network error [SSL: CERTIFICATE_VERIFY_FAILED] certificate verify failed: unable to get local issuer certificate (_ssl.c:1010), retry in 25s
  ! MEMBER_SHARE_INFO stopped at start=0: gave up after retries
    network error [SSL: CERTIFICATE_VERIFY_FAILED] certificate verify failed: unable to get local issuer certificate (_ssl.c:1010), retry in 5s
    network error [SSL: CERTIFICATE_VERIFY_FAILED] certificate verify failed: unable to get local issuer certificate (_ssl.c:1010), retry in 10s
    network error [SSL: CERTIFICATE_VERIFY_FAILED] certificate verify failed: unable to get local issuer certificate (_ssl.c:1010), retry in 15s
    network error [SSL: CERTIFICATE_VERIFY_FAILED] certificate verify failed: unable to get local issuer certificate (_ssl.c:1010), retry in 20s
    network error [SSL: CERTIFICATE_VERIFY_FAILED] certificate verify failed: unable to get local issuer certificate (_ssl.c:1010), retry in 25s
  ! ARTICLES stopped at start=0: gave up after retries
    network error [SSL: CERTIFICATE_VERIFY_FAILED] certificate verify failed: unable to get local issuer certificate (_ssl.c:1010), retry in 5s
    network error [SSL: CERTIFICATE_VERIFY_FAILED] certificate verify failed: unable to get local issuer certificate (_ssl.c:1010), retry in 10s
    network error [SSL: CERTIFICATE_VERIFY_FAILED] certificate verify failed: unable to get local issuer certificate (_ssl.c:1010), retry in 15s
    network error [SSL: CERTIFICATE_VERIFY_FAILED] certificate verify failed: unable to get local issuer certificate (_ssl.c:1010), retry in 20s
    network error [SSL: CERTIFICATE_VERIFY_FAILED] certificate verify failed: unable to get local issuer certificate (_ssl.c:1010), retry in 25s
  ! ALL_COMMENTS stopped at start=0: gave up after retries
    network error [SSL: CERTIFICATE_VERIFY_FAILED] certificate verify failed: unable to get local issuer certificate (_ssl.c:1010), retry in 5s
    network error [SSL: CERTIFICATE_VERIFY_FAILED] certificate verify failed: unable to get local issuer certificate (_ssl.c:1010), retry in 10s
    network error [SSL: CERTIFICATE_VERIFY_FAILED] certificate verify failed: unable to get local issuer certificate (_ssl.c:1010), retry in 15s
    network error [SSL: CERTIFICATE_VERIFY_FAILED] certificate verify failed: unable to get local issuer certificate (_ssl.c:1010), retry in 20s
    network error [SSL: CERTIFICATE_VERIFY_FAILED] certificate verify failed: unable to get local issuer certificate (_ssl.c:1010), retry in 25s
  ! ALL_LIKES stopped at start=0: gave up after retries
    network error [SSL: CERTIFICATE_VERIFY_FAILED] certificate verify failed: unable to get local issuer certificate (_ssl.c:1010), retry in 5s
    network error [SSL: CERTIFICATE_VERIFY_FAILED] certificate verify failed: unable to get local issuer certificate (_ssl.c:1010), retry in 10s
    network error [SSL: CERTIFICATE_VERIFY_FAILED] certificate verify failed: unable to get local issuer certificate (_ssl.c:1010), retry in 15s
    network error [SSL: CERTIFICATE_VERIFY_FAILED] certificate verify failed: unable to get local issuer certificate (_ssl.c:1010), retry in 20s
    network error [SSL: CERTIFICATE_VERIFY_FAILED] certificate verify failed: unable to get local issuer certificate (_ssl.c:1010), retry in 25s
  ! ALL_VOTES stopped at start=0: gave up after retries
    network error [SSL: CERTIFICATE_VERIFY_FAILED] certificate verify failed: unable to get local issuer certificate (_ssl.c:1010), retry in 5s
    network error [SSL: CERTIFICATE_VERIFY_FAILED] certificate verify failed: unable to get local issuer certificate (_ssl.c:1010), retry in 10s
    network error [SSL: CERTIFICATE_VERIFY_FAILED] certificate verify failed: unable to get local issuer certificate (_ssl.c:1010), retry in 15s
    network error [SSL: CERTIFICATE_VERIFY_FAILED] certificate verify failed: unable to get local issuer certificate (_ssl.c:1010), retry in 20s
    network error [SSL: CERTIFICATE_VERIFY_FAILED] certificate verify failed: unable to get local issuer certificate (_ssl.c:1010), retry in 25s
  ! INSTANT_REPOSTS stopped at start=0: gave up after retries
    network error [SSL: CERTIFICATE_VERIFY_FAILED] certificate verify failed: unable to get local issuer certificate (_ssl.c:1010), retry in 5s
    network error [SSL: CERTIFICATE_VERIFY_FAILED] certificate verify failed: unable to get local issuer certificate (_ssl.c:1010), retry in 10s
    network error [SSL: CERTIFICATE_VERIFY_FAILED] certificate verify failed: unable to get local issuer certificate (_ssl.c:1010), retry in 15s
    network error [SSL: CERTIFICATE_VERIFY_FAILED] certificate verify failed: unable to get local issuer certificate (_ssl.c:1010), retry in 20s
    network error [SSL: CERTIFICATE_VERIFY_FAILED] certificate verify failed: unable to get local issuer certificate (_ssl.c:1010), retry in 25s
  ! RICH_MEDIA stopped at start=0: gave up after retries
== MEMBER_SHARE_INFO
  (not ready — LinkedIn still processing this domain; re-run later)
== ARTICLES
  (not ready — LinkedIn still processing this domain; re-run later)
== ALL_COMMENTS
  (not ready — LinkedIn still processing this domain; re-run later)
== ALL_LIKES
  (not ready — LinkedIn still processing this domain; re-run later)
== ALL_VOTES
  (not ready — LinkedIn still processing this domain; re-run later)
== INSTANT_REPOSTS
  (not ready — LinkedIn still processing this domain; re-run later)
== RICH_MEDIA
  (not ready — LinkedIn still processing this domain; re-run later)

== summary ==
  MEMBER_SHARE_INFO: 0 records
  ARTICLES: 0 records
  ALL_COMMENTS: 0 records
  ALL_LIKES: 0 records
  ALL_VOTES: 0 records
  INSTANT_REPOSTS: 0 records
  RICH_MEDIA: 0 records

Written to /Users/maaretp/Documents/own-code/legacy/archives/linkedin/snapshot/
[poll] not ready yet; sleeping 1200s
[poll 27/72 2026-08-31 12:15] fetching --content domains
    network error [SSL: CERTIFICATE_VERIFY_FAILED] certificate verify failed: unable to get local issuer certificate (_ssl.c:1010), retry in 5s
    network error [SSL: CERTIFICATE_VERIFY_FAILED] certificate verify failed: unable to get local issuer certificate (_ssl.c:1010), retry in 10s
    network error [SSL: CERTIFICATE_VERIFY_FAILED] certificate verify failed: unable to get local issuer certificate (_ssl.c:1010), retry in 15s
    network error [SSL: CERTIFICATE_VERIFY_FAILED] certificate verify failed: unable to get local issuer certificate (_ssl.c:1010), retry in 20s
    network error [SSL: CERTIFICATE_VERIFY_FAILED] certificate verify failed: unable to get local issuer certificate (_ssl.c:1010), retry in 25s
  ! MEMBER_SHARE_INFO stopped at start=0: gave up after retries
    network error [SSL: CERTIFICATE_VERIFY_FAILED] certificate verify failed: unable to get local issuer certificate (_ssl.c:1010), retry in 5s
    network error [SSL: CERTIFICATE_VERIFY_FAILED] certificate verify failed: unable to get local issuer certificate (_ssl.c:1010), retry in 10s
    network error [SSL: CERTIFICATE_VERIFY_FAILED] certificate verify failed: unable to get local issuer certificate (_ssl.c:1010), retry in 15s
    network error [SSL: CERTIFICATE_VERIFY_FAILED] certificate verify failed: unable to get local issuer certificate (_ssl.c:1010), retry in 20s
    network error [SSL: CERTIFICATE_VERIFY_FAILED] certificate verify failed: unable to get local issuer certificate (_ssl.c:1010), retry in 25s
  ! ARTICLES stopped at start=0: gave up after retries
    network error [SSL: CERTIFICATE_VERIFY_FAILED] certificate verify failed: unable to get local issuer certificate (_ssl.c:1010), retry in 5s
    network error [SSL: CERTIFICATE_VERIFY_FAILED] certificate verify failed: unable to get local issuer certificate (_ssl.c:1010), retry in 10s
    network error [SSL: CERTIFICATE_VERIFY_FAILED] certificate verify failed: unable to get local issuer certificate (_ssl.c:1010), retry in 15s
    network error [SSL: CERTIFICATE_VERIFY_FAILED] certificate verify failed: unable to get local issuer certificate (_ssl.c:1010), retry in 20s
    network error [SSL: CERTIFICATE_VERIFY_FAILED] certificate verify failed: unable to get local issuer certificate (_ssl.c:1010), retry in 25s
  ! ALL_COMMENTS stopped at start=0: gave up after retries
    network error [SSL: CERTIFICATE_VERIFY_FAILED] certificate verify failed: unable to get local issuer certificate (_ssl.c:1010), retry in 5s
    network error [SSL: CERTIFICATE_VERIFY_FAILED] certificate verify failed: unable to get local issuer certificate (_ssl.c:1010), retry in 10s
    network error [SSL: CERTIFICATE_VERIFY_FAILED] certificate verify failed: unable to get local issuer certificate (_ssl.c:1010), retry in 15s
    network error [SSL: CERTIFICATE_VERIFY_FAILED] certificate verify failed: unable to get local issuer certificate (_ssl.c:1010), retry in 20s
    network error [SSL: CERTIFICATE_VERIFY_FAILED] certificate verify failed: unable to get local issuer certificate (_ssl.c:1010), retry in 25s
  ! ALL_LIKES stopped at start=0: gave up after retries
    network error [SSL: CERTIFICATE_VERIFY_FAILED] certificate verify failed: unable to get local issuer certificate (_ssl.c:1010), retry in 5s
    network error [SSL: CERTIFICATE_VERIFY_FAILED] certificate verify failed: unable to get local issuer certificate (_ssl.c:1010), retry in 10s
    network error [SSL: CERTIFICATE_VERIFY_FAILED] certificate verify failed: unable to get local issuer certificate (_ssl.c:1010), retry in 15s
    network error [SSL: CERTIFICATE_VERIFY_FAILED] certificate verify failed: unable to get local issuer certificate (_ssl.c:1010), retry in 20s
    network error [SSL: CERTIFICATE_VERIFY_FAILED] certificate verify failed: unable to get local issuer certificate (_ssl.c:1010), retry in 25s
  ! ALL_VOTES stopped at start=0: gave up after retries
    network error [SSL: CERTIFICATE_VERIFY_FAILED] certificate verify failed: unable to get local issuer certificate (_ssl.c:1010), retry in 5s
    network error [SSL: CERTIFICATE_VERIFY_FAILED] certificate verify failed: unable to get local issuer certificate (_ssl.c:1010), retry in 10s
    network error [SSL: CERTIFICATE_VERIFY_FAILED] certificate verify failed: unable to get local issuer certificate (_ssl.c:1010), retry in 15s
    network error [SSL: CERTIFICATE_VERIFY_FAILED] certificate verify failed: unable to get local issuer certificate (_ssl.c:1010), retry in 20s
    network error [SSL: CERTIFICATE_VERIFY_FAILED] certificate verify failed: unable to get local issuer certificate (_ssl.c:1010), retry in 25s
  ! INSTANT_REPOSTS stopped at start=0: gave up after retries
    network error [SSL: CERTIFICATE_VERIFY_FAILED] certificate verify failed: unable to get local issuer certificate (_ssl.c:1010), retry in 5s
    network error [SSL: CERTIFICATE_VERIFY_FAILED] certificate verify failed: unable to get local issuer certificate (_ssl.c:1010), retry in 10s
    network error [SSL: CERTIFICATE_VERIFY_FAILED] certificate verify failed: unable to get local issuer certificate (_ssl.c:1010), retry in 15s
    network error [SSL: CERTIFICATE_VERIFY_FAILED] certificate verify failed: unable to get local issuer certificate (_ssl.c:1010), retry in 20s
    network error [SSL: CERTIFICATE_VERIFY_FAILED] certificate verify failed: unable to get local issuer certificate (_ssl.c:1010), retry in 25s
  ! RICH_MEDIA stopped at start=0: gave up after retries
== MEMBER_SHARE_INFO
  (not ready — LinkedIn still processing this domain; re-run later)
== ARTICLES
  (not ready — LinkedIn still processing this domain; re-run later)
== ALL_COMMENTS
  (not ready — LinkedIn still processing this domain; re-run later)
== ALL_LIKES
  (not ready — LinkedIn still processing this domain; re-run later)
== ALL_VOTES
  (not ready — LinkedIn still processing this domain; re-run later)
== INSTANT_REPOSTS
  (not ready — LinkedIn still processing this domain; re-run later)
== RICH_MEDIA
  (not ready — LinkedIn still processing this domain; re-run later)

== summary ==
  MEMBER_SHARE_INFO: 0 records
  ARTICLES: 0 records
  ALL_COMMENTS: 0 records
  ALL_LIKES: 0 records
  ALL_VOTES: 0 records
  INSTANT_REPOSTS: 0 records
  RICH_MEDIA: 0 records

Written to /Users/maaretp/Documents/own-code/legacy/archives/linkedin/snapshot/
[poll] not ready yet; sleeping 1200s
[poll 28/72 2026-08-31 12:44] fetching --content domains
    network error [SSL: CERTIFICATE_VERIFY_FAILED] certificate verify failed: unable to get local issuer certificate (_ssl.c:1010), retry in 5s
    network error [SSL: CERTIFICATE_VERIFY_FAILED] certificate verify failed: unable to get local issuer certificate (_ssl.c:1010), retry in 10s
    network error [SSL: CERTIFICATE_VERIFY_FAILED] certificate verify failed: unable to get local issuer certificate (_ssl.c:1010), retry in 15s
    network error [SSL: CERTIFICATE_VERIFY_FAILED] certificate verify failed: unable to get local issuer certificate (_ssl.c:1010), retry in 20s
    network error [SSL: CERTIFICATE_VERIFY_FAILED] certificate verify failed: unable to get local issuer certificate (_ssl.c:1010), retry in 25s
  ! MEMBER_SHARE_INFO stopped at start=0: gave up after retries
    network error [SSL: CERTIFICATE_VERIFY_FAILED] certificate verify failed: unable to get local issuer certificate (_ssl.c:1010), retry in 5s
    network error [SSL: CERTIFICATE_VERIFY_FAILED] certificate verify failed: unable to get local issuer certificate (_ssl.c:1010), retry in 10s
    network error [SSL: CERTIFICATE_VERIFY_FAILED] certificate verify failed: unable to get local issuer certificate (_ssl.c:1010), retry in 15s
    network error [SSL: CERTIFICATE_VERIFY_FAILED] certificate verify failed: unable to get local issuer certificate (_ssl.c:1010), retry in 20s
    network error [SSL: CERTIFICATE_VERIFY_FAILED] certificate verify failed: unable to get local issuer certificate (_ssl.c:1010), retry in 25s
  ! ARTICLES stopped at start=0: gave up after retries
    network error [SSL: CERTIFICATE_VERIFY_FAILED] certificate verify failed: unable to get local issuer certificate (_ssl.c:1010), retry in 5s
    network error [SSL: CERTIFICATE_VERIFY_FAILED] certificate verify failed: unable to get local issuer certificate (_ssl.c:1010), retry in 10s
    network error [SSL: CERTIFICATE_VERIFY_FAILED] certificate verify failed: unable to get local issuer certificate (_ssl.c:1010), retry in 15s
    network error [SSL: CERTIFICATE_VERIFY_FAILED] certificate verify failed: unable to get local issuer certificate (_ssl.c:1010), retry in 20s
    network error [SSL: CERTIFICATE_VERIFY_FAILED] certificate verify failed: unable to get local issuer certificate (_ssl.c:1010), retry in 25s
  ! ALL_COMMENTS stopped at start=0: gave up after retries
    network error [SSL: CERTIFICATE_VERIFY_FAILED] certificate verify failed: unable to get local issuer certificate (_ssl.c:1010), retry in 5s
    network error [SSL: CERTIFICATE_VERIFY_FAILED] certificate verify failed: unable to get local issuer certificate (_ssl.c:1010), retry in 10s
    network error [SSL: CERTIFICATE_VERIFY_FAILED] certificate verify failed: unable to get local issuer certificate (_ssl.c:1010), retry in 15s
    network error [SSL: CERTIFICATE_VERIFY_FAILED] certificate verify failed: unable to get local issuer certificate (_ssl.c:1010), retry in 20s
    network error [SSL: CERTIFICATE_VERIFY_FAILED] certificate verify failed: unable to get local issuer certificate (_ssl.c:1010), retry in 25s
  ! ALL_LIKES stopped at start=0: gave up after retries
    network error [SSL: CERTIFICATE_VERIFY_FAILED] certificate verify failed: unable to get local issuer certificate (_ssl.c:1010), retry in 5s
    network error [SSL: CERTIFICATE_VERIFY_FAILED] certificate verify failed: unable to get local issuer certificate (_ssl.c:1010), retry in 10s
    network error [SSL: CERTIFICATE_VERIFY_FAILED] certificate verify failed: unable to get local issuer certificate (_ssl.c:1010), retry in 15s
    network error [SSL: CERTIFICATE_VERIFY_FAILED] certificate verify failed: unable to get local issuer certificate (_ssl.c:1010), retry in 20s
    network error [SSL: CERTIFICATE_VERIFY_FAILED] certificate verify failed: unable to get local issuer certificate (_ssl.c:1010), retry in 25s
  ! ALL_VOTES stopped at start=0: gave up after retries
    network error [SSL: CERTIFICATE_VERIFY_FAILED] certificate verify failed: unable to get local issuer certificate (_ssl.c:1010), retry in 5s
    network error [SSL: CERTIFICATE_VERIFY_FAILED] certificate verify failed: unable to get local issuer certificate (_ssl.c:1010), retry in 10s
    network error [SSL: CERTIFICATE_VERIFY_FAILED] certificate verify failed: unable to get local issuer certificate (_ssl.c:1010), retry in 15s
    network error [SSL: CERTIFICATE_VERIFY_FAILED] certificate verify failed: unable to get local issuer certificate (_ssl.c:1010), retry in 20s
    network error [SSL: CERTIFICATE_VERIFY_FAILED] certificate verify failed: unable to get local issuer certificate (_ssl.c:1010), retry in 25s
  ! INSTANT_REPOSTS stopped at start=0: gave up after retries
    network error [SSL: CERTIFICATE_VERIFY_FAILED] certificate verify failed: unable to get local issuer certificate (_ssl.c:1010), retry in 5s
    network error [SSL: CERTIFICATE_VERIFY_FAILED] certificate verify failed: unable to get local issuer certificate (_ssl.c:1010), retry in 10s
    network error [SSL: CERTIFICATE_VERIFY_FAILED] certificate verify failed: unable to get local issuer certificate (_ssl.c:1010), retry in 15s
    network error [SSL: CERTIFICATE_VERIFY_FAILED] certificate verify failed: unable to get local issuer certificate (_ssl.c:1010), retry in 20s
    network error [SSL: CERTIFICATE_VERIFY_FAILED] certificate verify failed: unable to get local issuer certificate (_ssl.c:1010), retry in 25s
  ! RICH_MEDIA stopped at start=0: gave up after retries
== MEMBER_SHARE_INFO
  (not ready — LinkedIn still processing this domain; re-run later)
== ARTICLES
  (not ready — LinkedIn still processing this domain; re-run later)
== ALL_COMMENTS
  (not ready — LinkedIn still processing this domain; re-run later)
== ALL_LIKES
  (not ready — LinkedIn still processing this domain; re-run later)
== ALL_VOTES
  (not ready — LinkedIn still processing this domain; re-run later)
== INSTANT_REPOSTS
  (not ready — LinkedIn still processing this domain; re-run later)
== RICH_MEDIA
  (not ready — LinkedIn still processing this domain; re-run later)

== summary ==
  MEMBER_SHARE_INFO: 0 records
  ARTICLES: 0 records
  ALL_COMMENTS: 0 records
  ALL_LIKES: 0 records
  ALL_VOTES: 0 records
  INSTANT_REPOSTS: 0 records
  RICH_MEDIA: 0 records

Written to /Users/maaretp/Documents/own-code/legacy/archives/linkedin/snapshot/
[poll] not ready yet; sleeping 1200s
[poll 29/72 2026-08-31 13:13] fetching --content domains
    network error [SSL: CERTIFICATE_VERIFY_FAILED] certificate verify failed: unable to get local issuer certificate (_ssl.c:1010), retry in 5s
    network error [SSL: CERTIFICATE_VERIFY_FAILED] certificate verify failed: unable to get local issuer certificate (_ssl.c:1010), retry in 10s
    network error [SSL: CERTIFICATE_VERIFY_FAILED] certificate verify failed: unable to get local issuer certificate (_ssl.c:1010), retry in 15s
    network error [SSL: CERTIFICATE_VERIFY_FAILED] certificate verify failed: unable to get local issuer certificate (_ssl.c:1010), retry in 20s
    network error [SSL: CERTIFICATE_VERIFY_FAILED] certificate verify failed: unable to get local issuer certificate (_ssl.c:1010), retry in 25s
  ! MEMBER_SHARE_INFO stopped at start=0: gave up after retries
    network error [SSL: CERTIFICATE_VERIFY_FAILED] certificate verify failed: unable to get local issuer certificate (_ssl.c:1010), retry in 5s
    network error [SSL: CERTIFICATE_VERIFY_FAILED] certificate verify failed: unable to get local issuer certificate (_ssl.c:1010), retry in 10s
    network error [SSL: CERTIFICATE_VERIFY_FAILED] certificate verify failed: unable to get local issuer certificate (_ssl.c:1010), retry in 15s
    network error [SSL: CERTIFICATE_VERIFY_FAILED] certificate verify failed: unable to get local issuer certificate (_ssl.c:1010), retry in 20s
    network error [SSL: CERTIFICATE_VERIFY_FAILED] certificate verify failed: unable to get local issuer certificate (_ssl.c:1010), retry in 25s
  ! ARTICLES stopped at start=0: gave up after retries
    network error [SSL: CERTIFICATE_VERIFY_FAILED] certificate verify failed: unable to get local issuer certificate (_ssl.c:1010), retry in 5s
    network error [SSL: CERTIFICATE_VERIFY_FAILED] certificate verify failed: unable to get local issuer certificate (_ssl.c:1010), retry in 10s
    network error [SSL: CERTIFICATE_VERIFY_FAILED] certificate verify failed: unable to get local issuer certificate (_ssl.c:1010), retry in 15s
    network error [SSL: CERTIFICATE_VERIFY_FAILED] certificate verify failed: unable to get local issuer certificate (_ssl.c:1010), retry in 20s
    network error [SSL: CERTIFICATE_VERIFY_FAILED] certificate verify failed: unable to get local issuer certificate (_ssl.c:1010), retry in 25s
  ! ALL_COMMENTS stopped at start=0: gave up after retries
    network error [SSL: CERTIFICATE_VERIFY_FAILED] certificate verify failed: unable to get local issuer certificate (_ssl.c:1010), retry in 5s
    network error [SSL: CERTIFICATE_VERIFY_FAILED] certificate verify failed: unable to get local issuer certificate (_ssl.c:1010), retry in 10s
    network error [SSL: CERTIFICATE_VERIFY_FAILED] certificate verify failed: unable to get local issuer certificate (_ssl.c:1010), retry in 15s
    network error [SSL: CERTIFICATE_VERIFY_FAILED] certificate verify failed: unable to get local issuer certificate (_ssl.c:1010), retry in 20s
    network error [SSL: CERTIFICATE_VERIFY_FAILED] certificate verify failed: unable to get local issuer certificate (_ssl.c:1010), retry in 25s
  ! ALL_LIKES stopped at start=0: gave up after retries
    network error [SSL: CERTIFICATE_VERIFY_FAILED] certificate verify failed: unable to get local issuer certificate (_ssl.c:1010), retry in 5s
    network error [SSL: CERTIFICATE_VERIFY_FAILED] certificate verify failed: unable to get local issuer certificate (_ssl.c:1010), retry in 10s
    network error [SSL: CERTIFICATE_VERIFY_FAILED] certificate verify failed: unable to get local issuer certificate (_ssl.c:1010), retry in 15s
    network error [SSL: CERTIFICATE_VERIFY_FAILED] certificate verify failed: unable to get local issuer certificate (_ssl.c:1010), retry in 20s
    network error [SSL: CERTIFICATE_VERIFY_FAILED] certificate verify failed: unable to get local issuer certificate (_ssl.c:1010), retry in 25s
  ! ALL_VOTES stopped at start=0: gave up after retries
    network error [SSL: CERTIFICATE_VERIFY_FAILED] certificate verify failed: unable to get local issuer certificate (_ssl.c:1010), retry in 5s
    network error [SSL: CERTIFICATE_VERIFY_FAILED] certificate verify failed: unable to get local issuer certificate (_ssl.c:1010), retry in 10s
    network error [SSL: CERTIFICATE_VERIFY_FAILED] certificate verify failed: unable to get local issuer certificate (_ssl.c:1010), retry in 15s
    network error [SSL: CERTIFICATE_VERIFY_FAILED] certificate verify failed: unable to get local issuer certificate (_ssl.c:1010), retry in 20s
    network error [SSL: CERTIFICATE_VERIFY_FAILED] certificate verify failed: unable to get local issuer certificate (_ssl.c:1010), retry in 25s
  ! INSTANT_REPOSTS stopped at start=0: gave up after retries
    network error [SSL: CERTIFICATE_VERIFY_FAILED] certificate verify failed: unable to get local issuer certificate (_ssl.c:1010), retry in 5s
    network error [SSL: CERTIFICATE_VERIFY_FAILED] certificate verify failed: unable to get local issuer certificate (_ssl.c:1010), retry in 10s
    network error [SSL: CERTIFICATE_VERIFY_FAILED] certificate verify failed: unable to get local issuer certificate (_ssl.c:1010), retry in 15s
    network error [SSL: CERTIFICATE_VERIFY_FAILED] certificate verify failed: unable to get local issuer certificate (_ssl.c:1010), retry in 20s
    network error [SSL: CERTIFICATE_VERIFY_FAILED] certificate verify failed: unable to get local issuer certificate (_ssl.c:1010), retry in 25s
  ! RICH_MEDIA stopped at start=0: gave up after retries
== MEMBER_SHARE_INFO
  (not ready — LinkedIn still processing this domain; re-run later)
== ARTICLES
  (not ready — LinkedIn still processing this domain; re-run later)
== ALL_COMMENTS
  (not ready — LinkedIn still processing this domain; re-run later)
== ALL_LIKES
  (not ready — LinkedIn still processing this domain; re-run later)
== ALL_VOTES
  (not ready — LinkedIn still processing this domain; re-run later)
== INSTANT_REPOSTS
  (not ready — LinkedIn still processing this domain; re-run later)
== RICH_MEDIA
  (not ready — LinkedIn still processing this domain; re-run later)

== summary ==
  MEMBER_SHARE_INFO: 0 records
  ARTICLES: 0 records
  ALL_COMMENTS: 0 records
  ALL_LIKES: 0 records
  ALL_VOTES: 0 records
  INSTANT_REPOSTS: 0 records
  RICH_MEDIA: 0 records

Written to /Users/maaretp/Documents/own-code/legacy/archives/linkedin/snapshot/
[poll] not ready yet; sleeping 1200s
[poll 30/72 2026-08-31 13:42] fetching --content domains
    network error [SSL: CERTIFICATE_VERIFY_FAILED] certificate verify failed: unable to get local issuer certificate (_ssl.c:1010), retry in 5s
    network error [SSL: CERTIFICATE_VERIFY_FAILED] certificate verify failed: unable to get local issuer certificate (_ssl.c:1010), retry in 10s
    network error [SSL: CERTIFICATE_VERIFY_FAILED] certificate verify failed: unable to get local issuer certificate (_ssl.c:1010), retry in 15s
    network error [SSL: CERTIFICATE_VERIFY_FAILED] certificate verify failed: unable to get local issuer certificate (_ssl.c:1010), retry in 20s
    network error [SSL: CERTIFICATE_VERIFY_FAILED] certificate verify failed: unable to get local issuer certificate (_ssl.c:1010), retry in 25s
  ! MEMBER_SHARE_INFO stopped at start=0: gave up after retries
    network error [SSL: CERTIFICATE_VERIFY_FAILED] certificate verify failed: unable to get local issuer certificate (_ssl.c:1010), retry in 5s
    network error [SSL: CERTIFICATE_VERIFY_FAILED] certificate verify failed: unable to get local issuer certificate (_ssl.c:1010), retry in 10s
    network error [SSL: CERTIFICATE_VERIFY_FAILED] certificate verify failed: unable to get local issuer certificate (_ssl.c:1010), retry in 15s
    network error [SSL: CERTIFICATE_VERIFY_FAILED] certificate verify failed: unable to get local issuer certificate (_ssl.c:1010), retry in 20s
    network error [SSL: CERTIFICATE_VERIFY_FAILED] certificate verify failed: unable to get local issuer certificate (_ssl.c:1010), retry in 25s
  ! ARTICLES stopped at start=0: gave up after retries
    network error [SSL: CERTIFICATE_VERIFY_FAILED] certificate verify failed: unable to get local issuer certificate (_ssl.c:1010), retry in 5s
    network error [SSL: CERTIFICATE_VERIFY_FAILED] certificate verify failed: unable to get local issuer certificate (_ssl.c:1010), retry in 10s
    network error [SSL: CERTIFICATE_VERIFY_FAILED] certificate verify failed: unable to get local issuer certificate (_ssl.c:1010), retry in 15s
    network error [SSL: CERTIFICATE_VERIFY_FAILED] certificate verify failed: unable to get local issuer certificate (_ssl.c:1010), retry in 20s
    network error [SSL: CERTIFICATE_VERIFY_FAILED] certificate verify failed: unable to get local issuer certificate (_ssl.c:1010), retry in 25s
  ! ALL_COMMENTS stopped at start=0: gave up after retries
    network error [SSL: CERTIFICATE_VERIFY_FAILED] certificate verify failed: unable to get local issuer certificate (_ssl.c:1010), retry in 5s
    network error [SSL: CERTIFICATE_VERIFY_FAILED] certificate verify failed: unable to get local issuer certificate (_ssl.c:1010), retry in 10s
    network error [SSL: CERTIFICATE_VERIFY_FAILED] certificate verify failed: unable to get local issuer certificate (_ssl.c:1010), retry in 15s
    network error [SSL: CERTIFICATE_VERIFY_FAILED] certificate verify failed: unable to get local issuer certificate (_ssl.c:1010), retry in 20s
    network error [SSL: CERTIFICATE_VERIFY_FAILED] certificate verify failed: unable to get local issuer certificate (_ssl.c:1010), retry in 25s
  ! ALL_LIKES stopped at start=0: gave up after retries
    network error [SSL: CERTIFICATE_VERIFY_FAILED] certificate verify failed: unable to get local issuer certificate (_ssl.c:1010), retry in 5s
    network error [SSL: CERTIFICATE_VERIFY_FAILED] certificate verify failed: unable to get local issuer certificate (_ssl.c:1010), retry in 10s
    network error [SSL: CERTIFICATE_VERIFY_FAILED] certificate verify failed: unable to get local issuer certificate (_ssl.c:1010), retry in 15s
    network error [SSL: CERTIFICATE_VERIFY_FAILED] certificate verify failed: unable to get local issuer certificate (_ssl.c:1010), retry in 20s
    network error [SSL: CERTIFICATE_VERIFY_FAILED] certificate verify failed: unable to get local issuer certificate (_ssl.c:1010), retry in 25s
  ! ALL_VOTES stopped at start=0: gave up after retries
    network error [SSL: CERTIFICATE_VERIFY_FAILED] certificate verify failed: unable to get local issuer certificate (_ssl.c:1010), retry in 5s
    network error [SSL: CERTIFICATE_VERIFY_FAILED] certificate verify failed: unable to get local issuer certificate (_ssl.c:1010), retry in 10s
    network error [SSL: CERTIFICATE_VERIFY_FAILED] certificate verify failed: unable to get local issuer certificate (_ssl.c:1010), retry in 15s
    network error [SSL: CERTIFICATE_VERIFY_FAILED] certificate verify failed: unable to get local issuer certificate (_ssl.c:1010), retry in 20s
    network error [SSL: CERTIFICATE_VERIFY_FAILED] certificate verify failed: unable to get local issuer certificate (_ssl.c:1010), retry in 25s
  ! INSTANT_REPOSTS stopped at start=0: gave up after retries
    network error [SSL: CERTIFICATE_VERIFY_FAILED] certificate verify failed: unable to get local issuer certificate (_ssl.c:1010), retry in 5s
    network error [SSL: CERTIFICATE_VERIFY_FAILED] certificate verify failed: unable to get local issuer certificate (_ssl.c:1010), retry in 10s
    network error [SSL: CERTIFICATE_VERIFY_FAILED] certificate verify failed: unable to get local issuer certificate (_ssl.c:1010), retry in 15s
    network error [SSL: CERTIFICATE_VERIFY_FAILED] certificate verify failed: unable to get local issuer certificate (_ssl.c:1010), retry in 20s
    network error [SSL: CERTIFICATE_VERIFY_FAILED] certificate verify failed: unable to get local issuer certificate (_ssl.c:1010), retry in 25s
  ! RICH_MEDIA stopped at start=0: gave up after retries
== MEMBER_SHARE_INFO
  (not ready — LinkedIn still processing this domain; re-run later)
== ARTICLES
  (not ready — LinkedIn still processing this domain; re-run later)
== ALL_COMMENTS
  (not ready — LinkedIn still processing this domain; re-run later)
== ALL_LIKES
  (not ready — LinkedIn still processing this domain; re-run later)
== ALL_VOTES
  (not ready — LinkedIn still processing this domain; re-run later)
== INSTANT_REPOSTS
  (not ready — LinkedIn still processing this domain; re-run later)
== RICH_MEDIA
  (not ready — LinkedIn still processing this domain; re-run later)

== summary ==
  MEMBER_SHARE_INFO: 0 records
  ARTICLES: 0 records
  ALL_COMMENTS: 0 records
  ALL_LIKES: 0 records
  ALL_VOTES: 0 records
  INSTANT_REPOSTS: 0 records
  RICH_MEDIA: 0 records

Written to /Users/maaretp/Documents/own-code/legacy/archives/linkedin/snapshot/
[poll] not ready yet; sleeping 1200s
[poll 31/72 2026-08-31 14:11] fetching --content domains
    network error [SSL: CERTIFICATE_VERIFY_FAILED] certificate verify failed: unable to get local issuer certificate (_ssl.c:1010), retry in 5s
    network error [SSL: CERTIFICATE_VERIFY_FAILED] certificate verify failed: unable to get local issuer certificate (_ssl.c:1010), retry in 10s
    network error [SSL: CERTIFICATE_VERIFY_FAILED] certificate verify failed: unable to get local issuer certificate (_ssl.c:1010), retry in 15s
    network error [SSL: CERTIFICATE_VERIFY_FAILED] certificate verify failed: unable to get local issuer certificate (_ssl.c:1010), retry in 20s
    network error [SSL: CERTIFICATE_VERIFY_FAILED] certificate verify failed: unable to get local issuer certificate (_ssl.c:1010), retry in 25s
  ! MEMBER_SHARE_INFO stopped at start=0: gave up after retries
    network error [SSL: CERTIFICATE_VERIFY_FAILED] certificate verify failed: unable to get local issuer certificate (_ssl.c:1010), retry in 5s
    network error [SSL: CERTIFICATE_VERIFY_FAILED] certificate verify failed: unable to get local issuer certificate (_ssl.c:1010), retry in 10s
    network error [SSL: CERTIFICATE_VERIFY_FAILED] certificate verify failed: unable to get local issuer certificate (_ssl.c:1010), retry in 15s
    network error [SSL: CERTIFICATE_VERIFY_FAILED] certificate verify failed: unable to get local issuer certificate (_ssl.c:1010), retry in 20s
    network error [SSL: CERTIFICATE_VERIFY_FAILED] certificate verify failed: unable to get local issuer certificate (_ssl.c:1010), retry in 25s
  ! ARTICLES stopped at start=0: gave up after retries
    network error [SSL: CERTIFICATE_VERIFY_FAILED] certificate verify failed: unable to get local issuer certificate (_ssl.c:1010), retry in 5s
    network error [SSL: CERTIFICATE_VERIFY_FAILED] certificate verify failed: unable to get local issuer certificate (_ssl.c:1010), retry in 10s
    network error [SSL: CERTIFICATE_VERIFY_FAILED] certificate verify failed: unable to get local issuer certificate (_ssl.c:1010), retry in 15s
    network error [SSL: CERTIFICATE_VERIFY_FAILED] certificate verify failed: unable to get local issuer certificate (_ssl.c:1010), retry in 20s
    network error [SSL: CERTIFICATE_VERIFY_FAILED] certificate verify failed: unable to get local issuer certificate (_ssl.c:1010), retry in 25s
  ! ALL_COMMENTS stopped at start=0: gave up after retries
    network error [SSL: CERTIFICATE_VERIFY_FAILED] certificate verify failed: unable to get local issuer certificate (_ssl.c:1010), retry in 5s
    network error [SSL: CERTIFICATE_VERIFY_FAILED] certificate verify failed: unable to get local issuer certificate (_ssl.c:1010), retry in 10s
    network error [SSL: CERTIFICATE_VERIFY_FAILED] certificate verify failed: unable to get local issuer certificate (_ssl.c:1010), retry in 15s
    network error [SSL: CERTIFICATE_VERIFY_FAILED] certificate verify failed: unable to get local issuer certificate (_ssl.c:1010), retry in 20s
    network error [SSL: CERTIFICATE_VERIFY_FAILED] certificate verify failed: unable to get local issuer certificate (_ssl.c:1010), retry in 25s
  ! ALL_LIKES stopped at start=0: gave up after retries
    network error [SSL: CERTIFICATE_VERIFY_FAILED] certificate verify failed: unable to get local issuer certificate (_ssl.c:1010), retry in 5s
    network error [SSL: CERTIFICATE_VERIFY_FAILED] certificate verify failed: unable to get local issuer certificate (_ssl.c:1010), retry in 10s
    network error [SSL: CERTIFICATE_VERIFY_FAILED] certificate verify failed: unable to get local issuer certificate (_ssl.c:1010), retry in 15s
    network error [SSL: CERTIFICATE_VERIFY_FAILED] certificate verify failed: unable to get local issuer certificate (_ssl.c:1010), retry in 20s
    network error [SSL: CERTIFICATE_VERIFY_FAILED] certificate verify failed: unable to get local issuer certificate (_ssl.c:1010), retry in 25s
  ! ALL_VOTES stopped at start=0: gave up after retries
    network error [SSL: CERTIFICATE_VERIFY_FAILED] certificate verify failed: unable to get local issuer certificate (_ssl.c:1010), retry in 5s
    network error [SSL: CERTIFICATE_VERIFY_FAILED] certificate verify failed: unable to get local issuer certificate (_ssl.c:1010), retry in 10s
    network error [SSL: CERTIFICATE_VERIFY_FAILED] certificate verify failed: unable to get local issuer certificate (_ssl.c:1010), retry in 15s
    network error [SSL: CERTIFICATE_VERIFY_FAILED] certificate verify failed: unable to get local issuer certificate (_ssl.c:1010), retry in 20s
    network error [SSL: CERTIFICATE_VERIFY_FAILED] certificate verify failed: unable to get local issuer certificate (_ssl.c:1010), retry in 25s
  ! INSTANT_REPOSTS stopped at start=0: gave up after retries
    network error [SSL: CERTIFICATE_VERIFY_FAILED] certificate verify failed: unable to get local issuer certificate (_ssl.c:1010), retry in 5s
    network error [SSL: CERTIFICATE_VERIFY_FAILED] certificate verify failed: unable to get local issuer certificate (_ssl.c:1010), retry in 10s
    network error [SSL: CERTIFICATE_VERIFY_FAILED] certificate verify failed: unable to get local issuer certificate (_ssl.c:1010), retry in 15s
    network error [SSL: CERTIFICATE_VERIFY_FAILED] certificate verify failed: unable to get local issuer certificate (_ssl.c:1010), retry in 20s
    network error [SSL: CERTIFICATE_VERIFY_FAILED] certificate verify failed: unable to get local issuer certificate (_ssl.c:1010), retry in 25s
  ! RICH_MEDIA stopped at start=0: gave up after retries
== MEMBER_SHARE_INFO
  (not ready — LinkedIn still processing this domain; re-run later)
== ARTICLES
  (not ready — LinkedIn still processing this domain; re-run later)
== ALL_COMMENTS
  (not ready — LinkedIn still processing this domain; re-run later)
== ALL_LIKES
  (not ready — LinkedIn still processing this domain; re-run later)
== ALL_VOTES
  (not ready — LinkedIn still processing this domain; re-run later)
== INSTANT_REPOSTS
  (not ready — LinkedIn still processing this domain; re-run later)
== RICH_MEDIA
  (not ready — LinkedIn still processing this domain; re-run later)

== summary ==
  MEMBER_SHARE_INFO: 0 records
  ARTICLES: 0 records
  ALL_COMMENTS: 0 records
  ALL_LIKES: 0 records
  ALL_VOTES: 0 records
  INSTANT_REPOSTS: 0 records
  RICH_MEDIA: 0 records

Written to /Users/maaretp/Documents/own-code/legacy/archives/linkedin/snapshot/
[poll] not ready yet; sleeping 1200s
[poll 32/72 2026-08-31 14:40] fetching --content domains
    network error [SSL: CERTIFICATE_VERIFY_FAILED] certificate verify failed: unable to get local issuer certificate (_ssl.c:1010), retry in 5s
    network error [SSL: CERTIFICATE_VERIFY_FAILED] certificate verify failed: unable to get local issuer certificate (_ssl.c:1010), retry in 10s
    network error [SSL: CERTIFICATE_VERIFY_FAILED] certificate verify failed: unable to get local issuer certificate (_ssl.c:1010), retry in 15s
    network error [SSL: CERTIFICATE_VERIFY_FAILED] certificate verify failed: unable to get local issuer certificate (_ssl.c:1010), retry in 20s
    network error [SSL: CERTIFICATE_VERIFY_FAILED] certificate verify failed: unable to get local issuer certificate (_ssl.c:1010), retry in 25s
  ! MEMBER_SHARE_INFO stopped at start=0: gave up after retries
    network error [SSL: CERTIFICATE_VERIFY_FAILED] certificate verify failed: unable to get local issuer certificate (_ssl.c:1010), retry in 5s
    network error [SSL: CERTIFICATE_VERIFY_FAILED] certificate verify failed: unable to get local issuer certificate (_ssl.c:1010), retry in 10s
    network error [SSL: CERTIFICATE_VERIFY_FAILED] certificate verify failed: unable to get local issuer certificate (_ssl.c:1010), retry in 15s
    network error [SSL: CERTIFICATE_VERIFY_FAILED] certificate verify failed: unable to get local issuer certificate (_ssl.c:1010), retry in 20s
    network error [SSL: CERTIFICATE_VERIFY_FAILED] certificate verify failed: unable to get local issuer certificate (_ssl.c:1010), retry in 25s
  ! ARTICLES stopped at start=0: gave up after retries
    network error [SSL: CERTIFICATE_VERIFY_FAILED] certificate verify failed: unable to get local issuer certificate (_ssl.c:1010), retry in 5s
    network error [SSL: CERTIFICATE_VERIFY_FAILED] certificate verify failed: unable to get local issuer certificate (_ssl.c:1010), retry in 10s
    network error [SSL: CERTIFICATE_VERIFY_FAILED] certificate verify failed: unable to get local issuer certificate (_ssl.c:1010), retry in 15s
    network error [SSL: CERTIFICATE_VERIFY_FAILED] certificate verify failed: unable to get local issuer certificate (_ssl.c:1010), retry in 20s
    network error [SSL: CERTIFICATE_VERIFY_FAILED] certificate verify failed: unable to get local issuer certificate (_ssl.c:1010), retry in 25s
  ! ALL_COMMENTS stopped at start=0: gave up after retries
    network error [SSL: CERTIFICATE_VERIFY_FAILED] certificate verify failed: unable to get local issuer certificate (_ssl.c:1010), retry in 5s
    network error [SSL: CERTIFICATE_VERIFY_FAILED] certificate verify failed: unable to get local issuer certificate (_ssl.c:1010), retry in 10s
    network error [SSL: CERTIFICATE_VERIFY_FAILED] certificate verify failed: unable to get local issuer certificate (_ssl.c:1010), retry in 15s
    network error [SSL: CERTIFICATE_VERIFY_FAILED] certificate verify failed: unable to get local issuer certificate (_ssl.c:1010), retry in 20s
    network error [SSL: CERTIFICATE_VERIFY_FAILED] certificate verify failed: unable to get local issuer certificate (_ssl.c:1010), retry in 25s
  ! ALL_LIKES stopped at start=0: gave up after retries
    network error [SSL: CERTIFICATE_VERIFY_FAILED] certificate verify failed: unable to get local issuer certificate (_ssl.c:1010), retry in 5s
    network error [SSL: CERTIFICATE_VERIFY_FAILED] certificate verify failed: unable to get local issuer certificate (_ssl.c:1010), retry in 10s
    network error [SSL: CERTIFICATE_VERIFY_FAILED] certificate verify failed: unable to get local issuer certificate (_ssl.c:1010), retry in 15s
    network error [SSL: CERTIFICATE_VERIFY_FAILED] certificate verify failed: unable to get local issuer certificate (_ssl.c:1010), retry in 20s
    network error [SSL: CERTIFICATE_VERIFY_FAILED] certificate verify failed: unable to get local issuer certificate (_ssl.c:1010), retry in 25s
  ! ALL_VOTES stopped at start=0: gave up after retries
    network error [SSL: CERTIFICATE_VERIFY_FAILED] certificate verify failed: unable to get local issuer certificate (_ssl.c:1010), retry in 5s
    network error [SSL: CERTIFICATE_VERIFY_FAILED] certificate verify failed: unable to get local issuer certificate (_ssl.c:1010), retry in 10s
    network error [SSL: CERTIFICATE_VERIFY_FAILED] certificate verify failed: unable to get local issuer certificate (_ssl.c:1010), retry in 15s
    network error [SSL: CERTIFICATE_VERIFY_FAILED] certificate verify failed: unable to get local issuer certificate (_ssl.c:1010), retry in 20s
    network error [SSL: CERTIFICATE_VERIFY_FAILED] certificate verify failed: unable to get local issuer certificate (_ssl.c:1010), retry in 25s
  ! INSTANT_REPOSTS stopped at start=0: gave up after retries
    network error [SSL: CERTIFICATE_VERIFY_FAILED] certificate verify failed: unable to get local issuer certificate (_ssl.c:1010), retry in 5s
    network error [SSL: CERTIFICATE_VERIFY_FAILED] certificate verify failed: unable to get local issuer certificate (_ssl.c:1010), retry in 10s
    network error [SSL: CERTIFICATE_VERIFY_FAILED] certificate verify failed: unable to get local issuer certificate (_ssl.c:1010), retry in 15s
    network error [SSL: CERTIFICATE_VERIFY_FAILED] certificate verify failed: unable to get local issuer certificate (_ssl.c:1010), retry in 20s
    network error [SSL: CERTIFICATE_VERIFY_FAILED] certificate verify failed: unable to get local issuer certificate (_ssl.c:1010), retry in 25s
  ! RICH_MEDIA stopped at start=0: gave up after retries
== MEMBER_SHARE_INFO
  (not ready — LinkedIn still processing this domain; re-run later)
== ARTICLES
  (not ready — LinkedIn still processing this domain; re-run later)
== ALL_COMMENTS
  (not ready — LinkedIn still processing this domain; re-run later)
== ALL_LIKES
  (not ready — LinkedIn still processing this domain; re-run later)
== ALL_VOTES
  (not ready — LinkedIn still processing this domain; re-run later)
== INSTANT_REPOSTS
  (not ready — LinkedIn still processing this domain; re-run later)
== RICH_MEDIA
  (not ready — LinkedIn still processing this domain; re-run later)

== summary ==
  MEMBER_SHARE_INFO: 0 records
  ARTICLES: 0 records
  ALL_COMMENTS: 0 records
  ALL_LIKES: 0 records
  ALL_VOTES: 0 records
  INSTANT_REPOSTS: 0 records
  RICH_MEDIA: 0 records

Written to /Users/maaretp/Documents/own-code/legacy/archives/linkedin/snapshot/
[poll] not ready yet; sleeping 1200s
[poll 33/72 2026-08-31 15:09] fetching --content domains
    network error [SSL: CERTIFICATE_VERIFY_FAILED] certificate verify failed: unable to get local issuer certificate (_ssl.c:1010), retry in 5s
    network error [SSL: CERTIFICATE_VERIFY_FAILED] certificate verify failed: unable to get local issuer certificate (_ssl.c:1010), retry in 10s
    network error [SSL: CERTIFICATE_VERIFY_FAILED] certificate verify failed: unable to get local issuer certificate (_ssl.c:1010), retry in 15s
    network error [SSL: CERTIFICATE_VERIFY_FAILED] certificate verify failed: unable to get local issuer certificate (_ssl.c:1010), retry in 20s
    network error [SSL: CERTIFICATE_VERIFY_FAILED] certificate verify failed: unable to get local issuer certificate (_ssl.c:1010), retry in 25s
  ! MEMBER_SHARE_INFO stopped at start=0: gave up after retries
    network error [SSL: CERTIFICATE_VERIFY_FAILED] certificate verify failed: unable to get local issuer certificate (_ssl.c:1010), retry in 5s
    network error [SSL: CERTIFICATE_VERIFY_FAILED] certificate verify failed: unable to get local issuer certificate (_ssl.c:1010), retry in 10s
    network error [SSL: CERTIFICATE_VERIFY_FAILED] certificate verify failed: unable to get local issuer certificate (_ssl.c:1010), retry in 15s
    network error [SSL: CERTIFICATE_VERIFY_FAILED] certificate verify failed: unable to get local issuer certificate (_ssl.c:1010), retry in 20s
    network error [SSL: CERTIFICATE_VERIFY_FAILED] certificate verify failed: unable to get local issuer certificate (_ssl.c:1010), retry in 25s
  ! ARTICLES stopped at start=0: gave up after retries
    network error [SSL: CERTIFICATE_VERIFY_FAILED] certificate verify failed: unable to get local issuer certificate (_ssl.c:1010), retry in 5s
    network error [SSL: CERTIFICATE_VERIFY_FAILED] certificate verify failed: unable to get local issuer certificate (_ssl.c:1010), retry in 10s
    network error [SSL: CERTIFICATE_VERIFY_FAILED] certificate verify failed: unable to get local issuer certificate (_ssl.c:1010), retry in 15s
    network error [SSL: CERTIFICATE_VERIFY_FAILED] certificate verify failed: unable to get local issuer certificate (_ssl.c:1010), retry in 20s
    network error [SSL: CERTIFICATE_VERIFY_FAILED] certificate verify failed: unable to get local issuer certificate (_ssl.c:1010), retry in 25s
  ! ALL_COMMENTS stopped at start=0: gave up after retries
    network error [SSL: CERTIFICATE_VERIFY_FAILED] certificate verify failed: unable to get local issuer certificate (_ssl.c:1010), retry in 5s
    network error [SSL: CERTIFICATE_VERIFY_FAILED] certificate verify failed: unable to get local issuer certificate (_ssl.c:1010), retry in 10s
    network error [SSL: CERTIFICATE_VERIFY_FAILED] certificate verify failed: unable to get local issuer certificate (_ssl.c:1010), retry in 15s
    network error [SSL: CERTIFICATE_VERIFY_FAILED] certificate verify failed: unable to get local issuer certificate (_ssl.c:1010), retry in 20s
    network error [SSL: CERTIFICATE_VERIFY_FAILED] certificate verify failed: unable to get local issuer certificate (_ssl.c:1010), retry in 25s
  ! ALL_LIKES stopped at start=0: gave up after retries
    network error [SSL: CERTIFICATE_VERIFY_FAILED] certificate verify failed: unable to get local issuer certificate (_ssl.c:1010), retry in 5s
    network error [SSL: CERTIFICATE_VERIFY_FAILED] certificate verify failed: unable to get local issuer certificate (_ssl.c:1010), retry in 10s
    network error [SSL: CERTIFICATE_VERIFY_FAILED] certificate verify failed: unable to get local issuer certificate (_ssl.c:1010), retry in 15s
    network error [SSL: CERTIFICATE_VERIFY_FAILED] certificate verify failed: unable to get local issuer certificate (_ssl.c:1010), retry in 20s
    network error [SSL: CERTIFICATE_VERIFY_FAILED] certificate verify failed: unable to get local issuer certificate (_ssl.c:1010), retry in 25s
  ! ALL_VOTES stopped at start=0: gave up after retries
    network error [SSL: CERTIFICATE_VERIFY_FAILED] certificate verify failed: unable to get local issuer certificate (_ssl.c:1010), retry in 5s
    network error [SSL: CERTIFICATE_VERIFY_FAILED] certificate verify failed: unable to get local issuer certificate (_ssl.c:1010), retry in 10s
    network error [SSL: CERTIFICATE_VERIFY_FAILED] certificate verify failed: unable to get local issuer certificate (_ssl.c:1010), retry in 15s
    network error [SSL: CERTIFICATE_VERIFY_FAILED] certificate verify failed: unable to get local issuer certificate (_ssl.c:1010), retry in 20s
    network error [SSL: CERTIFICATE_VERIFY_FAILED] certificate verify failed: unable to get local issuer certificate (_ssl.c:1010), retry in 25s
  ! INSTANT_REPOSTS stopped at start=0: gave up after retries
    network error [SSL: CERTIFICATE_VERIFY_FAILED] certificate verify failed: unable to get local issuer certificate (_ssl.c:1010), retry in 5s
    network error [SSL: CERTIFICATE_VERIFY_FAILED] certificate verify failed: unable to get local issuer certificate (_ssl.c:1010), retry in 10s
    network error [SSL: CERTIFICATE_VERIFY_FAILED] certificate verify failed: unable to get local issuer certificate (_ssl.c:1010), retry in 15s
    network error [SSL: CERTIFICATE_VERIFY_FAILED] certificate verify failed: unable to get local issuer certificate (_ssl.c:1010), retry in 20s
    network error [SSL: CERTIFICATE_VERIFY_FAILED] certificate verify failed: unable to get local issuer certificate (_ssl.c:1010), retry in 25s
  ! RICH_MEDIA stopped at start=0: gave up after retries
== MEMBER_SHARE_INFO
  (not ready — LinkedIn still processing this domain; re-run later)
== ARTICLES
  (not ready — LinkedIn still processing this domain; re-run later)
== ALL_COMMENTS
  (not ready — LinkedIn still processing this domain; re-run later)
== ALL_LIKES
  (not ready — LinkedIn still processing this domain; re-run later)
== ALL_VOTES
  (not ready — LinkedIn still processing this domain; re-run later)
== INSTANT_REPOSTS
  (not ready — LinkedIn still processing this domain; re-run later)
== RICH_MEDIA
  (not ready — LinkedIn still processing this domain; re-run later)

== summary ==
  MEMBER_SHARE_INFO: 0 records
  ARTICLES: 0 records
  ALL_COMMENTS: 0 records
  ALL_LIKES: 0 records
  ALL_VOTES: 0 records
  INSTANT_REPOSTS: 0 records
  RICH_MEDIA: 0 records

Written to /Users/maaretp/Documents/own-code/legacy/archives/linkedin/snapshot/
[poll] not ready yet; sleeping 1200s
[poll 34/72 2026-08-31 15:38] fetching --content domains
    network error [SSL: CERTIFICATE_VERIFY_FAILED] certificate verify failed: unable to get local issuer certificate (_ssl.c:1010), retry in 5s
    network error [SSL: CERTIFICATE_VERIFY_FAILED] certificate verify failed: unable to get local issuer certificate (_ssl.c:1010), retry in 10s
    network error [SSL: CERTIFICATE_VERIFY_FAILED] certificate verify failed: unable to get local issuer certificate (_ssl.c:1010), retry in 15s
    network error [SSL: CERTIFICATE_VERIFY_FAILED] certificate verify failed: unable to get local issuer certificate (_ssl.c:1010), retry in 20s
    network error [SSL: CERTIFICATE_VERIFY_FAILED] certificate verify failed: unable to get local issuer certificate (_ssl.c:1010), retry in 25s
  ! MEMBER_SHARE_INFO stopped at start=0: gave up after retries
    network error [SSL: CERTIFICATE_VERIFY_FAILED] certificate verify failed: unable to get local issuer certificate (_ssl.c:1010), retry in 5s
    network error [SSL: CERTIFICATE_VERIFY_FAILED] certificate verify failed: unable to get local issuer certificate (_ssl.c:1010), retry in 10s
    network error [SSL: CERTIFICATE_VERIFY_FAILED] certificate verify failed: unable to get local issuer certificate (_ssl.c:1010), retry in 15s
    network error [SSL: CERTIFICATE_VERIFY_FAILED] certificate verify failed: unable to get local issuer certificate (_ssl.c:1010), retry in 20s
    network error [SSL: CERTIFICATE_VERIFY_FAILED] certificate verify failed: unable to get local issuer certificate (_ssl.c:1010), retry in 25s
  ! ARTICLES stopped at start=0: gave up after retries
    network error [SSL: CERTIFICATE_VERIFY_FAILED] certificate verify failed: unable to get local issuer certificate (_ssl.c:1010), retry in 5s
    network error [SSL: CERTIFICATE_VERIFY_FAILED] certificate verify failed: unable to get local issuer certificate (_ssl.c:1010), retry in 10s
    network error [SSL: CERTIFICATE_VERIFY_FAILED] certificate verify failed: unable to get local issuer certificate (_ssl.c:1010), retry in 15s
    network error [SSL: CERTIFICATE_VERIFY_FAILED] certificate verify failed: unable to get local issuer certificate (_ssl.c:1010), retry in 20s
    network error [SSL: CERTIFICATE_VERIFY_FAILED] certificate verify failed: unable to get local issuer certificate (_ssl.c:1010), retry in 25s
  ! ALL_COMMENTS stopped at start=0: gave up after retries
    network error [SSL: CERTIFICATE_VERIFY_FAILED] certificate verify failed: unable to get local issuer certificate (_ssl.c:1010), retry in 5s
    network error [SSL: CERTIFICATE_VERIFY_FAILED] certificate verify failed: unable to get local issuer certificate (_ssl.c:1010), retry in 10s
    network error [SSL: CERTIFICATE_VERIFY_FAILED] certificate verify failed: unable to get local issuer certificate (_ssl.c:1010), retry in 15s
    network error [SSL: CERTIFICATE_VERIFY_FAILED] certificate verify failed: unable to get local issuer certificate (_ssl.c:1010), retry in 20s
    network error [SSL: CERTIFICATE_VERIFY_FAILED] certificate verify failed: unable to get local issuer certificate (_ssl.c:1010), retry in 25s
  ! ALL_LIKES stopped at start=0: gave up after retries
    network error [SSL: CERTIFICATE_VERIFY_FAILED] certificate verify failed: unable to get local issuer certificate (_ssl.c:1010), retry in 5s
    network error [SSL: CERTIFICATE_VERIFY_FAILED] certificate verify failed: unable to get local issuer certificate (_ssl.c:1010), retry in 10s
    network error [SSL: CERTIFICATE_VERIFY_FAILED] certificate verify failed: unable to get local issuer certificate (_ssl.c:1010), retry in 15s
    network error [SSL: CERTIFICATE_VERIFY_FAILED] certificate verify failed: unable to get local issuer certificate (_ssl.c:1010), retry in 20s
    network error [SSL: CERTIFICATE_VERIFY_FAILED] certificate verify failed: unable to get local issuer certificate (_ssl.c:1010), retry in 25s
  ! ALL_VOTES stopped at start=0: gave up after retries
    network error [SSL: CERTIFICATE_VERIFY_FAILED] certificate verify failed: unable to get local issuer certificate (_ssl.c:1010), retry in 5s
    network error [SSL: CERTIFICATE_VERIFY_FAILED] certificate verify failed: unable to get local issuer certificate (_ssl.c:1010), retry in 10s
    network error [SSL: CERTIFICATE_VERIFY_FAILED] certificate verify failed: unable to get local issuer certificate (_ssl.c:1010), retry in 15s
    network error [SSL: CERTIFICATE_VERIFY_FAILED] certificate verify failed: unable to get local issuer certificate (_ssl.c:1010), retry in 20s
    network error [SSL: CERTIFICATE_VERIFY_FAILED] certificate verify failed: unable to get local issuer certificate (_ssl.c:1010), retry in 25s
  ! INSTANT_REPOSTS stopped at start=0: gave up after retries
    network error [SSL: CERTIFICATE_VERIFY_FAILED] certificate verify failed: unable to get local issuer certificate (_ssl.c:1010), retry in 5s
    network error [SSL: CERTIFICATE_VERIFY_FAILED] certificate verify failed: unable to get local issuer certificate (_ssl.c:1010), retry in 10s
    network error [SSL: CERTIFICATE_VERIFY_FAILED] certificate verify failed: unable to get local issuer certificate (_ssl.c:1010), retry in 15s
    network error [SSL: CERTIFICATE_VERIFY_FAILED] certificate verify failed: unable to get local issuer certificate (_ssl.c:1010), retry in 20s
    network error [SSL: CERTIFICATE_VERIFY_FAILED] certificate verify failed: unable to get local issuer certificate (_ssl.c:1010), retry in 25s
  ! RICH_MEDIA stopped at start=0: gave up after retries
== MEMBER_SHARE_INFO
  (not ready — LinkedIn still processing this domain; re-run later)
== ARTICLES
  (not ready — LinkedIn still processing this domain; re-run later)
== ALL_COMMENTS
  (not ready — LinkedIn still processing this domain; re-run later)
== ALL_LIKES
  (not ready — LinkedIn still processing this domain; re-run later)
== ALL_VOTES
  (not ready — LinkedIn still processing this domain; re-run later)
== INSTANT_REPOSTS
  (not ready — LinkedIn still processing this domain; re-run later)
== RICH_MEDIA
  (not ready — LinkedIn still processing this domain; re-run later)

== summary ==
  MEMBER_SHARE_INFO: 0 records
  ARTICLES: 0 records
  ALL_COMMENTS: 0 records
  ALL_LIKES: 0 records
  ALL_VOTES: 0 records
  INSTANT_REPOSTS: 0 records
  RICH_MEDIA: 0 records

Written to /Users/maaretp/Documents/own-code/legacy/archives/linkedin/snapshot/
[poll] not ready yet; sleeping 1200s
[poll 35/72 2026-08-31 16:06] fetching --content domains
    network error [SSL: CERTIFICATE_VERIFY_FAILED] certificate verify failed: unable to get local issuer certificate (_ssl.c:1010), retry in 5s
    network error [SSL: CERTIFICATE_VERIFY_FAILED] certificate verify failed: unable to get local issuer certificate (_ssl.c:1010), retry in 10s
    network error [SSL: CERTIFICATE_VERIFY_FAILED] certificate verify failed: unable to get local issuer certificate (_ssl.c:1010), retry in 15s
    network error [SSL: CERTIFICATE_VERIFY_FAILED] certificate verify failed: unable to get local issuer certificate (_ssl.c:1010), retry in 20s
    network error [SSL: CERTIFICATE_VERIFY_FAILED] certificate verify failed: unable to get local issuer certificate (_ssl.c:1010), retry in 25s
  ! MEMBER_SHARE_INFO stopped at start=0: gave up after retries
    network error [SSL: CERTIFICATE_VERIFY_FAILED] certificate verify failed: unable to get local issuer certificate (_ssl.c:1010), retry in 5s
    network error [SSL: CERTIFICATE_VERIFY_FAILED] certificate verify failed: unable to get local issuer certificate (_ssl.c:1010), retry in 10s
    network error [SSL: CERTIFICATE_VERIFY_FAILED] certificate verify failed: unable to get local issuer certificate (_ssl.c:1010), retry in 15s
    network error [SSL: CERTIFICATE_VERIFY_FAILED] certificate verify failed: unable to get local issuer certificate (_ssl.c:1010), retry in 20s
    network error [SSL: CERTIFICATE_VERIFY_FAILED] certificate verify failed: unable to get local issuer certificate (_ssl.c:1010), retry in 25s
  ! ARTICLES stopped at start=0: gave up after retries
    network error [SSL: CERTIFICATE_VERIFY_FAILED] certificate verify failed: unable to get local issuer certificate (_ssl.c:1010), retry in 5s
    network error [SSL: CERTIFICATE_VERIFY_FAILED] certificate verify failed: unable to get local issuer certificate (_ssl.c:1010), retry in 10s
    network error [SSL: CERTIFICATE_VERIFY_FAILED] certificate verify failed: unable to get local issuer certificate (_ssl.c:1010), retry in 15s
    network error [SSL: CERTIFICATE_VERIFY_FAILED] certificate verify failed: unable to get local issuer certificate (_ssl.c:1010), retry in 20s
    network error [SSL: CERTIFICATE_VERIFY_FAILED] certificate verify failed: unable to get local issuer certificate (_ssl.c:1010), retry in 25s
  ! ALL_COMMENTS stopped at start=0: gave up after retries
    network error [SSL: CERTIFICATE_VERIFY_FAILED] certificate verify failed: unable to get local issuer certificate (_ssl.c:1010), retry in 5s
    network error [SSL: CERTIFICATE_VERIFY_FAILED] certificate verify failed: unable to get local issuer certificate (_ssl.c:1010), retry in 10s
    network error [SSL: CERTIFICATE_VERIFY_FAILED] certificate verify failed: unable to get local issuer certificate (_ssl.c:1010), retry in 15s
    network error [SSL: CERTIFICATE_VERIFY_FAILED] certificate verify failed: unable to get local issuer certificate (_ssl.c:1010), retry in 20s
    network error [SSL: CERTIFICATE_VERIFY_FAILED] certificate verify failed: unable to get local issuer certificate (_ssl.c:1010), retry in 25s
  ! ALL_LIKES stopped at start=0: gave up after retries
    network error [SSL: CERTIFICATE_VERIFY_FAILED] certificate verify failed: unable to get local issuer certificate (_ssl.c:1010), retry in 5s
    network error [SSL: CERTIFICATE_VERIFY_FAILED] certificate verify failed: unable to get local issuer certificate (_ssl.c:1010), retry in 10s
    network error [SSL: CERTIFICATE_VERIFY_FAILED] certificate verify failed: unable to get local issuer certificate (_ssl.c:1010), retry in 15s
    network error [SSL: CERTIFICATE_VERIFY_FAILED] certificate verify failed: unable to get local issuer certificate (_ssl.c:1010), retry in 20s
    network error [SSL: CERTIFICATE_VERIFY_FAILED] certificate verify failed: unable to get local issuer certificate (_ssl.c:1010), retry in 25s
  ! ALL_VOTES stopped at start=0: gave up after retries
    network error [SSL: CERTIFICATE_VERIFY_FAILED] certificate verify failed: unable to get local issuer certificate (_ssl.c:1010), retry in 5s
    network error [SSL: CERTIFICATE_VERIFY_FAILED] certificate verify failed: unable to get local issuer certificate (_ssl.c:1010), retry in 10s
    network error [SSL: CERTIFICATE_VERIFY_FAILED] certificate verify failed: unable to get local issuer certificate (_ssl.c:1010), retry in 15s
    network error [SSL: CERTIFICATE_VERIFY_FAILED] certificate verify failed: unable to get local issuer certificate (_ssl.c:1010), retry in 20s
    network error [SSL: CERTIFICATE_VERIFY_FAILED] certificate verify failed: unable to get local issuer certificate (_ssl.c:1010), retry in 25s
  ! INSTANT_REPOSTS stopped at start=0: gave up after retries
    network error [SSL: CERTIFICATE_VERIFY_FAILED] certificate verify failed: unable to get local issuer certificate (_ssl.c:1010), retry in 5s
    network error [SSL: CERTIFICATE_VERIFY_FAILED] certificate verify failed: unable to get local issuer certificate (_ssl.c:1010), retry in 10s
    network error [SSL: CERTIFICATE_VERIFY_FAILED] certificate verify failed: unable to get local issuer certificate (_ssl.c:1010), retry in 15s
    network error [SSL: CERTIFICATE_VERIFY_FAILED] certificate verify failed: unable to get local issuer certificate (_ssl.c:1010), retry in 20s
    network error [SSL: CERTIFICATE_VERIFY_FAILED] certificate verify failed: unable to get local issuer certificate (_ssl.c:1010), retry in 25s
  ! RICH_MEDIA stopped at start=0: gave up after retries
== MEMBER_SHARE_INFO
  (not ready — LinkedIn still processing this domain; re-run later)
== ARTICLES
  (not ready — LinkedIn still processing this domain; re-run later)
== ALL_COMMENTS
  (not ready — LinkedIn still processing this domain; re-run later)
== ALL_LIKES
  (not ready — LinkedIn still processing this domain; re-run later)
== ALL_VOTES
  (not ready — LinkedIn still processing this domain; re-run later)
== INSTANT_REPOSTS
  (not ready — LinkedIn still processing this domain; re-run later)
== RICH_MEDIA
  (not ready — LinkedIn still processing this domain; re-run later)

== summary ==
  MEMBER_SHARE_INFO: 0 records
  ARTICLES: 0 records
  ALL_COMMENTS: 0 records
  ALL_LIKES: 0 records
  ALL_VOTES: 0 records
  INSTANT_REPOSTS: 0 records
  RICH_MEDIA: 0 records

Written to /Users/maaretp/Documents/own-code/legacy/archives/linkedin/snapshot/
[poll] not ready yet; sleeping 1200s
[poll 36/72 2026-08-31 16:35] fetching --content domains
    network error [SSL: CERTIFICATE_VERIFY_FAILED] certificate verify failed: unable to get local issuer certificate (_ssl.c:1010), retry in 5s
    network error [SSL: CERTIFICATE_VERIFY_FAILED] certificate verify failed: unable to get local issuer certificate (_ssl.c:1010), retry in 10s
    network error [SSL: CERTIFICATE_VERIFY_FAILED] certificate verify failed: unable to get local issuer certificate (_ssl.c:1010), retry in 15s
    network error [SSL: CERTIFICATE_VERIFY_FAILED] certificate verify failed: unable to get local issuer certificate (_ssl.c:1010), retry in 20s
    network error [SSL: CERTIFICATE_VERIFY_FAILED] certificate verify failed: unable to get local issuer certificate (_ssl.c:1010), retry in 25s
  ! MEMBER_SHARE_INFO stopped at start=0: gave up after retries
    network error [SSL: CERTIFICATE_VERIFY_FAILED] certificate verify failed: unable to get local issuer certificate (_ssl.c:1010), retry in 5s
    network error [SSL: CERTIFICATE_VERIFY_FAILED] certificate verify failed: unable to get local issuer certificate (_ssl.c:1010), retry in 10s
    network error [SSL: CERTIFICATE_VERIFY_FAILED] certificate verify failed: unable to get local issuer certificate (_ssl.c:1010), retry in 15s
    network error [SSL: CERTIFICATE_VERIFY_FAILED] certificate verify failed: unable to get local issuer certificate (_ssl.c:1010), retry in 20s
    network error [SSL: CERTIFICATE_VERIFY_FAILED] certificate verify failed: unable to get local issuer certificate (_ssl.c:1010), retry in 25s
  ! ARTICLES stopped at start=0: gave up after retries
    network error [SSL: CERTIFICATE_VERIFY_FAILED] certificate verify failed: unable to get local issuer certificate (_ssl.c:1010), retry in 5s
    network error [SSL: CERTIFICATE_VERIFY_FAILED] certificate verify failed: unable to get local issuer certificate (_ssl.c:1010), retry in 10s
    network error [SSL: CERTIFICATE_VERIFY_FAILED] certificate verify failed: unable to get local issuer certificate (_ssl.c:1010), retry in 15s
    network error [SSL: CERTIFICATE_VERIFY_FAILED] certificate verify failed: unable to get local issuer certificate (_ssl.c:1010), retry in 20s
    network error [SSL: CERTIFICATE_VERIFY_FAILED] certificate verify failed: unable to get local issuer certificate (_ssl.c:1010), retry in 25s
  ! ALL_COMMENTS stopped at start=0: gave up after retries
    network error [SSL: CERTIFICATE_VERIFY_FAILED] certificate verify failed: unable to get local issuer certificate (_ssl.c:1010), retry in 5s
    network error [SSL: CERTIFICATE_VERIFY_FAILED] certificate verify failed: unable to get local issuer certificate (_ssl.c:1010), retry in 10s
    network error [SSL: CERTIFICATE_VERIFY_FAILED] certificate verify failed: unable to get local issuer certificate (_ssl.c:1010), retry in 15s
    network error [SSL: CERTIFICATE_VERIFY_FAILED] certificate verify failed: unable to get local issuer certificate (_ssl.c:1010), retry in 20s
    network error [SSL: CERTIFICATE_VERIFY_FAILED] certificate verify failed: unable to get local issuer certificate (_ssl.c:1010), retry in 25s
  ! ALL_LIKES stopped at start=0: gave up after retries
    network error [SSL: CERTIFICATE_VERIFY_FAILED] certificate verify failed: unable to get local issuer certificate (_ssl.c:1010), retry in 5s
    network error [SSL: CERTIFICATE_VERIFY_FAILED] certificate verify failed: unable to get local issuer certificate (_ssl.c:1010), retry in 10s
    network error [SSL: CERTIFICATE_VERIFY_FAILED] certificate verify failed: unable to get local issuer certificate (_ssl.c:1010), retry in 15s
    network error [SSL: CERTIFICATE_VERIFY_FAILED] certificate verify failed: unable to get local issuer certificate (_ssl.c:1010), retry in 20s
    network error [SSL: CERTIFICATE_VERIFY_FAILED] certificate verify failed: unable to get local issuer certificate (_ssl.c:1010), retry in 25s
  ! ALL_VOTES stopped at start=0: gave up after retries
    network error [SSL: CERTIFICATE_VERIFY_FAILED] certificate verify failed: unable to get local issuer certificate (_ssl.c:1010), retry in 5s
    network error [SSL: CERTIFICATE_VERIFY_FAILED] certificate verify failed: unable to get local issuer certificate (_ssl.c:1010), retry in 10s
    network error [SSL: CERTIFICATE_VERIFY_FAILED] certificate verify failed: unable to get local issuer certificate (_ssl.c:1010), retry in 15s
    network error [SSL: CERTIFICATE_VERIFY_FAILED] certificate verify failed: unable to get local issuer certificate (_ssl.c:1010), retry in 20s
    network error [SSL: CERTIFICATE_VERIFY_FAILED] certificate verify failed: unable to get local issuer certificate (_ssl.c:1010), retry in 25s
  ! INSTANT_REPOSTS stopped at start=0: gave up after retries
    network error [SSL: CERTIFICATE_VERIFY_FAILED] certificate verify failed: unable to get local issuer certificate (_ssl.c:1010), retry in 5s
    network error [SSL: CERTIFICATE_VERIFY_FAILED] certificate verify failed: unable to get local issuer certificate (_ssl.c:1010), retry in 10s
    network error [SSL: CERTIFICATE_VERIFY_FAILED] certificate verify failed: unable to get local issuer certificate (_ssl.c:1010), retry in 15s
    network error [SSL: CERTIFICATE_VERIFY_FAILED] certificate verify failed: unable to get local issuer certificate (_ssl.c:1010), retry in 20s
    network error [SSL: CERTIFICATE_VERIFY_FAILED] certificate verify failed: unable to get local issuer certificate (_ssl.c:1010), retry in 25s
  ! RICH_MEDIA stopped at start=0: gave up after retries
== MEMBER_SHARE_INFO
  (not ready — LinkedIn still processing this domain; re-run later)
== ARTICLES
  (not ready — LinkedIn still processing this domain; re-run later)
== ALL_COMMENTS
  (not ready — LinkedIn still processing this domain; re-run later)
== ALL_LIKES
  (not ready — LinkedIn still processing this domain; re-run later)
== ALL_VOTES
  (not ready — LinkedIn still processing this domain; re-run later)
== INSTANT_REPOSTS
  (not ready — LinkedIn still processing this domain; re-run later)
== RICH_MEDIA
  (not ready — LinkedIn still processing this domain; re-run later)

== summary ==
  MEMBER_SHARE_INFO: 0 records
  ARTICLES: 0 records
  ALL_COMMENTS: 0 records
  ALL_LIKES: 0 records
  ALL_VOTES: 0 records
  INSTANT_REPOSTS: 0 records
  RICH_MEDIA: 0 records

Written to /Users/maaretp/Documents/own-code/legacy/archives/linkedin/snapshot/
[poll] not ready yet; sleeping 1200s
[poll 37/72 2026-08-31 17:04] fetching --content domains
    network error [SSL: CERTIFICATE_VERIFY_FAILED] certificate verify failed: unable to get local issuer certificate (_ssl.c:1010), retry in 5s
    network error [SSL: CERTIFICATE_VERIFY_FAILED] certificate verify failed: unable to get local issuer certificate (_ssl.c:1010), retry in 10s
    network error [SSL: CERTIFICATE_VERIFY_FAILED] certificate verify failed: unable to get local issuer certificate (_ssl.c:1010), retry in 15s
    network error [SSL: CERTIFICATE_VERIFY_FAILED] certificate verify failed: unable to get local issuer certificate (_ssl.c:1010), retry in 20s
    network error [SSL: CERTIFICATE_VERIFY_FAILED] certificate verify failed: unable to get local issuer certificate (_ssl.c:1010), retry in 25s
  ! MEMBER_SHARE_INFO stopped at start=0: gave up after retries
    network error [SSL: CERTIFICATE_VERIFY_FAILED] certificate verify failed: unable to get local issuer certificate (_ssl.c:1010), retry in 5s
    network error [SSL: CERTIFICATE_VERIFY_FAILED] certificate verify failed: unable to get local issuer certificate (_ssl.c:1010), retry in 10s
    network error [SSL: CERTIFICATE_VERIFY_FAILED] certificate verify failed: unable to get local issuer certificate (_ssl.c:1010), retry in 15s
    network error [SSL: CERTIFICATE_VERIFY_FAILED] certificate verify failed: unable to get local issuer certificate (_ssl.c:1010), retry in 20s
    network error [SSL: CERTIFICATE_VERIFY_FAILED] certificate verify failed: unable to get local issuer certificate (_ssl.c:1010), retry in 25s
  ! ARTICLES stopped at start=0: gave up after retries
    network error [SSL: CERTIFICATE_VERIFY_FAILED] certificate verify failed: unable to get local issuer certificate (_ssl.c:1010), retry in 5s
    network error [SSL: CERTIFICATE_VERIFY_FAILED] certificate verify failed: unable to get local issuer certificate (_ssl.c:1010), retry in 10s
    network error [SSL: CERTIFICATE_VERIFY_FAILED] certificate verify failed: unable to get local issuer certificate (_ssl.c:1010), retry in 15s
    network error [SSL: CERTIFICATE_VERIFY_FAILED] certificate verify failed: unable to get local issuer certificate (_ssl.c:1010), retry in 20s
    network error [SSL: CERTIFICATE_VERIFY_FAILED] certificate verify failed: unable to get local issuer certificate (_ssl.c:1010), retry in 25s
  ! ALL_COMMENTS stopped at start=0: gave up after retries
    network error [SSL: CERTIFICATE_VERIFY_FAILED] certificate verify failed: unable to get local issuer certificate (_ssl.c:1010), retry in 5s
    network error [SSL: CERTIFICATE_VERIFY_FAILED] certificate verify failed: unable to get local issuer certificate (_ssl.c:1010), retry in 10s
    network error [SSL: CERTIFICATE_VERIFY_FAILED] certificate verify failed: unable to get local issuer certificate (_ssl.c:1010), retry in 15s
    network error [SSL: CERTIFICATE_VERIFY_FAILED] certificate verify failed: unable to get local issuer certificate (_ssl.c:1010), retry in 20s
    network error [SSL: CERTIFICATE_VERIFY_FAILED] certificate verify failed: unable to get local issuer certificate (_ssl.c:1010), retry in 25s
  ! ALL_LIKES stopped at start=0: gave up after retries
    network error [SSL: CERTIFICATE_VERIFY_FAILED] certificate verify failed: unable to get local issuer certificate (_ssl.c:1010), retry in 5s
    network error [SSL: CERTIFICATE_VERIFY_FAILED] certificate verify failed: unable to get local issuer certificate (_ssl.c:1010), retry in 10s
    network error [SSL: CERTIFICATE_VERIFY_FAILED] certificate verify failed: unable to get local issuer certificate (_ssl.c:1010), retry in 15s
    network error [SSL: CERTIFICATE_VERIFY_FAILED] certificate verify failed: unable to get local issuer certificate (_ssl.c:1010), retry in 20s
    network error [SSL: CERTIFICATE_VERIFY_FAILED] certificate verify failed: unable to get local issuer certificate (_ssl.c:1010), retry in 25s
  ! ALL_VOTES stopped at start=0: gave up after retries
    network error [SSL: CERTIFICATE_VERIFY_FAILED] certificate verify failed: unable to get local issuer certificate (_ssl.c:1010), retry in 5s
    network error [SSL: CERTIFICATE_VERIFY_FAILED] certificate verify failed: unable to get local issuer certificate (_ssl.c:1010), retry in 10s
    network error [SSL: CERTIFICATE_VERIFY_FAILED] certificate verify failed: unable to get local issuer certificate (_ssl.c:1010), retry in 15s
    network error [SSL: CERTIFICATE_VERIFY_FAILED] certificate verify failed: unable to get local issuer certificate (_ssl.c:1010), retry in 20s
    network error [SSL: CERTIFICATE_VERIFY_FAILED] certificate verify failed: unable to get local issuer certificate (_ssl.c:1010), retry in 25s
  ! INSTANT_REPOSTS stopped at start=0: gave up after retries
    network error [SSL: CERTIFICATE_VERIFY_FAILED] certificate verify failed: unable to get local issuer certificate (_ssl.c:1010), retry in 5s
    network error [SSL: CERTIFICATE_VERIFY_FAILED] certificate verify failed: unable to get local issuer certificate (_ssl.c:1010), retry in 10s
    network error [SSL: CERTIFICATE_VERIFY_FAILED] certificate verify failed: unable to get local issuer certificate (_ssl.c:1010), retry in 15s
    network error [SSL: CERTIFICATE_VERIFY_FAILED] certificate verify failed: unable to get local issuer certificate (_ssl.c:1010), retry in 20s
    network error [SSL: CERTIFICATE_VERIFY_FAILED] certificate verify failed: unable to get local issuer certificate (_ssl.c:1010), retry in 25s
  ! RICH_MEDIA stopped at start=0: gave up after retries
== MEMBER_SHARE_INFO
  (not ready — LinkedIn still processing this domain; re-run later)
== ARTICLES
  (not ready — LinkedIn still processing this domain; re-run later)
== ALL_COMMENTS
  (not ready — LinkedIn still processing this domain; re-run later)
== ALL_LIKES
  (not ready — LinkedIn still processing this domain; re-run later)
== ALL_VOTES
  (not ready — LinkedIn still processing this domain; re-run later)
== INSTANT_REPOSTS
  (not ready — LinkedIn still processing this domain; re-run later)
== RICH_MEDIA
  (not ready — LinkedIn still processing this domain; re-run later)

== summary ==
  MEMBER_SHARE_INFO: 0 records
  ARTICLES: 0 records
  ALL_COMMENTS: 0 records
  ALL_LIKES: 0 records
  ALL_VOTES: 0 records
  INSTANT_REPOSTS: 0 records
  RICH_MEDIA: 0 records

Written to /Users/maaretp/Documents/own-code/legacy/archives/linkedin/snapshot/
[poll] not ready yet; sleeping 1200s
[poll 38/72 2026-08-31 17:33] fetching --content domains
    network error [SSL: CERTIFICATE_VERIFY_FAILED] certificate verify failed: unable to get local issuer certificate (_ssl.c:1010), retry in 5s
    network error [SSL: CERTIFICATE_VERIFY_FAILED] certificate verify failed: unable to get local issuer certificate (_ssl.c:1010), retry in 10s
    network error [SSL: CERTIFICATE_VERIFY_FAILED] certificate verify failed: unable to get local issuer certificate (_ssl.c:1010), retry in 15s
    network error [SSL: CERTIFICATE_VERIFY_FAILED] certificate verify failed: unable to get local issuer certificate (_ssl.c:1010), retry in 20s
    network error [SSL: CERTIFICATE_VERIFY_FAILED] certificate verify failed: unable to get local issuer certificate (_ssl.c:1010), retry in 25s
  ! MEMBER_SHARE_INFO stopped at start=0: gave up after retries
    network error [SSL: CERTIFICATE_VERIFY_FAILED] certificate verify failed: unable to get local issuer certificate (_ssl.c:1010), retry in 5s
    network error [SSL: CERTIFICATE_VERIFY_FAILED] certificate verify failed: unable to get local issuer certificate (_ssl.c:1010), retry in 10s
    network error [SSL: CERTIFICATE_VERIFY_FAILED] certificate verify failed: unable to get local issuer certificate (_ssl.c:1010), retry in 15s
    network error [SSL: CERTIFICATE_VERIFY_FAILED] certificate verify failed: unable to get local issuer certificate (_ssl.c:1010), retry in 20s
    network error [SSL: CERTIFICATE_VERIFY_FAILED] certificate verify failed: unable to get local issuer certificate (_ssl.c:1010), retry in 25s
  ! ARTICLES stopped at start=0: gave up after retries
    network error [SSL: CERTIFICATE_VERIFY_FAILED] certificate verify failed: unable to get local issuer certificate (_ssl.c:1010), retry in 5s
    network error [SSL: CERTIFICATE_VERIFY_FAILED] certificate verify failed: unable to get local issuer certificate (_ssl.c:1010), retry in 10s
    network error [SSL: CERTIFICATE_VERIFY_FAILED] certificate verify failed: unable to get local issuer certificate (_ssl.c:1010), retry in 15s
    network error [SSL: CERTIFICATE_VERIFY_FAILED] certificate verify failed: unable to get local issuer certificate (_ssl.c:1010), retry in 20s
    network error [SSL: CERTIFICATE_VERIFY_FAILED] certificate verify failed: unable to get local issuer certificate (_ssl.c:1010), retry in 25s
  ! ALL_COMMENTS stopped at start=0: gave up after retries
    network error [SSL: CERTIFICATE_VERIFY_FAILED] certificate verify failed: unable to get local issuer certificate (_ssl.c:1010), retry in 5s
    network error [SSL: CERTIFICATE_VERIFY_FAILED] certificate verify failed: unable to get local issuer certificate (_ssl.c:1010), retry in 10s
    network error [SSL: CERTIFICATE_VERIFY_FAILED] certificate verify failed: unable to get local issuer certificate (_ssl.c:1010), retry in 15s
    network error [SSL: CERTIFICATE_VERIFY_FAILED] certificate verify failed: unable to get local issuer certificate (_ssl.c:1010), retry in 20s
    network error [SSL: CERTIFICATE_VERIFY_FAILED] certificate verify failed: unable to get local issuer certificate (_ssl.c:1010), retry in 25s
  ! ALL_LIKES stopped at start=0: gave up after retries
    network error [SSL: CERTIFICATE_VERIFY_FAILED] certificate verify failed: unable to get local issuer certificate (_ssl.c:1010), retry in 5s
    network error [SSL: CERTIFICATE_VERIFY_FAILED] certificate verify failed: unable to get local issuer certificate (_ssl.c:1010), retry in 10s
    network error [SSL: CERTIFICATE_VERIFY_FAILED] certificate verify failed: unable to get local issuer certificate (_ssl.c:1010), retry in 15s
    network error [SSL: CERTIFICATE_VERIFY_FAILED] certificate verify failed: unable to get local issuer certificate (_ssl.c:1010), retry in 20s
    network error [SSL: CERTIFICATE_VERIFY_FAILED] certificate verify failed: unable to get local issuer certificate (_ssl.c:1010), retry in 25s
  ! ALL_VOTES stopped at start=0: gave up after retries
    network error [SSL: CERTIFICATE_VERIFY_FAILED] certificate verify failed: unable to get local issuer certificate (_ssl.c:1010), retry in 5s
    network error [SSL: CERTIFICATE_VERIFY_FAILED] certificate verify failed: unable to get local issuer certificate (_ssl.c:1010), retry in 10s
    network error [SSL: CERTIFICATE_VERIFY_FAILED] certificate verify failed: unable to get local issuer certificate (_ssl.c:1010), retry in 15s
    network error [SSL: CERTIFICATE_VERIFY_FAILED] certificate verify failed: unable to get local issuer certificate (_ssl.c:1010), retry in 20s
    network error [SSL: CERTIFICATE_VERIFY_FAILED] certificate verify failed: unable to get local issuer certificate (_ssl.c:1010), retry in 25s
  ! INSTANT_REPOSTS stopped at start=0: gave up after retries
    network error [SSL: CERTIFICATE_VERIFY_FAILED] certificate verify failed: unable to get local issuer certificate (_ssl.c:1010), retry in 5s
    network error [SSL: CERTIFICATE_VERIFY_FAILED] certificate verify failed: unable to get local issuer certificate (_ssl.c:1010), retry in 10s
    network error [SSL: CERTIFICATE_VERIFY_FAILED] certificate verify failed: unable to get local issuer certificate (_ssl.c:1010), retry in 15s
    network error [SSL: CERTIFICATE_VERIFY_FAILED] certificate verify failed: unable to get local issuer certificate (_ssl.c:1010), retry in 20s
    network error [SSL: CERTIFICATE_VERIFY_FAILED] certificate verify failed: unable to get local issuer certificate (_ssl.c:1010), retry in 25s
  ! RICH_MEDIA stopped at start=0: gave up after retries
== MEMBER_SHARE_INFO
  (not ready — LinkedIn still processing this domain; re-run later)
== ARTICLES
  (not ready — LinkedIn still processing this domain; re-run later)
== ALL_COMMENTS
  (not ready — LinkedIn still processing this domain; re-run later)
== ALL_LIKES
  (not ready — LinkedIn still processing this domain; re-run later)
== ALL_VOTES
  (not ready — LinkedIn still processing this domain; re-run later)
== INSTANT_REPOSTS
  (not ready — LinkedIn still processing this domain; re-run later)
== RICH_MEDIA
  (not ready — LinkedIn still processing this domain; re-run later)

== summary ==
  MEMBER_SHARE_INFO: 0 records
  ARTICLES: 0 records
  ALL_COMMENTS: 0 records
  ALL_LIKES: 0 records
  ALL_VOTES: 0 records
  INSTANT_REPOSTS: 0 records
  RICH_MEDIA: 0 records

Written to /Users/maaretp/Documents/own-code/legacy/archives/linkedin/snapshot/
[poll] not ready yet; sleeping 1200s
[poll 39/72 2026-08-31 18:02] fetching --content domains
    network error [SSL: CERTIFICATE_VERIFY_FAILED] certificate verify failed: unable to get local issuer certificate (_ssl.c:1010), retry in 5s
    network error [SSL: CERTIFICATE_VERIFY_FAILED] certificate verify failed: unable to get local issuer certificate (_ssl.c:1010), retry in 10s
    network error [SSL: CERTIFICATE_VERIFY_FAILED] certificate verify failed: unable to get local issuer certificate (_ssl.c:1010), retry in 15s
    network error [SSL: CERTIFICATE_VERIFY_FAILED] certificate verify failed: unable to get local issuer certificate (_ssl.c:1010), retry in 20s
    network error [SSL: CERTIFICATE_VERIFY_FAILED] certificate verify failed: unable to get local issuer certificate (_ssl.c:1010), retry in 25s
  ! MEMBER_SHARE_INFO stopped at start=0: gave up after retries
    network error [SSL: CERTIFICATE_VERIFY_FAILED] certificate verify failed: unable to get local issuer certificate (_ssl.c:1010), retry in 5s
    network error [SSL: CERTIFICATE_VERIFY_FAILED] certificate verify failed: unable to get local issuer certificate (_ssl.c:1010), retry in 10s
    network error [SSL: CERTIFICATE_VERIFY_FAILED] certificate verify failed: unable to get local issuer certificate (_ssl.c:1010), retry in 15s
    network error [SSL: CERTIFICATE_VERIFY_FAILED] certificate verify failed: unable to get local issuer certificate (_ssl.c:1010), retry in 20s
    network error [SSL: CERTIFICATE_VERIFY_FAILED] certificate verify failed: unable to get local issuer certificate (_ssl.c:1010), retry in 25s
  ! ARTICLES stopped at start=0: gave up after retries
    network error [SSL: CERTIFICATE_VERIFY_FAILED] certificate verify failed: unable to get local issuer certificate (_ssl.c:1010), retry in 5s
    network error [SSL: CERTIFICATE_VERIFY_FAILED] certificate verify failed: unable to get local issuer certificate (_ssl.c:1010), retry in 10s
    network error [SSL: CERTIFICATE_VERIFY_FAILED] certificate verify failed: unable to get local issuer certificate (_ssl.c:1010), retry in 15s
    network error [SSL: CERTIFICATE_VERIFY_FAILED] certificate verify failed: unable to get local issuer certificate (_ssl.c:1010), retry in 20s
    network error [SSL: CERTIFICATE_VERIFY_FAILED] certificate verify failed: unable to get local issuer certificate (_ssl.c:1010), retry in 25s
  ! ALL_COMMENTS stopped at start=0: gave up after retries
    network error [SSL: CERTIFICATE_VERIFY_FAILED] certificate verify failed: unable to get local issuer certificate (_ssl.c:1010), retry in 5s
    network error [SSL: CERTIFICATE_VERIFY_FAILED] certificate verify failed: unable to get local issuer certificate (_ssl.c:1010), retry in 10s
    network error [SSL: CERTIFICATE_VERIFY_FAILED] certificate verify failed: unable to get local issuer certificate (_ssl.c:1010), retry in 15s
    network error [SSL: CERTIFICATE_VERIFY_FAILED] certificate verify failed: unable to get local issuer certificate (_ssl.c:1010), retry in 20s
    network error [SSL: CERTIFICATE_VERIFY_FAILED] certificate verify failed: unable to get local issuer certificate (_ssl.c:1010), retry in 25s
  ! ALL_LIKES stopped at start=0: gave up after retries
    network error [SSL: CERTIFICATE_VERIFY_FAILED] certificate verify failed: unable to get local issuer certificate (_ssl.c:1010), retry in 5s
    network error [SSL: CERTIFICATE_VERIFY_FAILED] certificate verify failed: unable to get local issuer certificate (_ssl.c:1010), retry in 10s
    network error [SSL: CERTIFICATE_VERIFY_FAILED] certificate verify failed: unable to get local issuer certificate (_ssl.c:1010), retry in 15s
    network error [SSL: CERTIFICATE_VERIFY_FAILED] certificate verify failed: unable to get local issuer certificate (_ssl.c:1010), retry in 20s
    network error [SSL: CERTIFICATE_VERIFY_FAILED] certificate verify failed: unable to get local issuer certificate (_ssl.c:1010), retry in 25s
  ! ALL_VOTES stopped at start=0: gave up after retries
    network error [SSL: CERTIFICATE_VERIFY_FAILED] certificate verify failed: unable to get local issuer certificate (_ssl.c:1010), retry in 5s
    network error [SSL: CERTIFICATE_VERIFY_FAILED] certificate verify failed: unable to get local issuer certificate (_ssl.c:1010), retry in 10s
    network error [SSL: CERTIFICATE_VERIFY_FAILED] certificate verify failed: unable to get local issuer certificate (_ssl.c:1010), retry in 15s
    network error [SSL: CERTIFICATE_VERIFY_FAILED] certificate verify failed: unable to get local issuer certificate (_ssl.c:1010), retry in 20s
    network error [SSL: CERTIFICATE_VERIFY_FAILED] certificate verify failed: unable to get local issuer certificate (_ssl.c:1010), retry in 25s
  ! INSTANT_REPOSTS stopped at start=0: gave up after retries
    network error [SSL: CERTIFICATE_VERIFY_FAILED] certificate verify failed: unable to get local issuer certificate (_ssl.c:1010), retry in 5s
    network error [SSL: CERTIFICATE_VERIFY_FAILED] certificate verify failed: unable to get local issuer certificate (_ssl.c:1010), retry in 10s
    network error [SSL: CERTIFICATE_VERIFY_FAILED] certificate verify failed: unable to get local issuer certificate (_ssl.c:1010), retry in 15s
    network error [SSL: CERTIFICATE_VERIFY_FAILED] certificate verify failed: unable to get local issuer certificate (_ssl.c:1010), retry in 20s
    network error [SSL: CERTIFICATE_VERIFY_FAILED] certificate verify failed: unable to get local issuer certificate (_ssl.c:1010), retry in 25s
  ! RICH_MEDIA stopped at start=0: gave up after retries
== MEMBER_SHARE_INFO
  (not ready — LinkedIn still processing this domain; re-run later)
== ARTICLES
  (not ready — LinkedIn still processing this domain; re-run later)
== ALL_COMMENTS
  (not ready — LinkedIn still processing this domain; re-run later)
== ALL_LIKES
  (not ready — LinkedIn still processing this domain; re-run later)
== ALL_VOTES
  (not ready — LinkedIn still processing this domain; re-run later)
== INSTANT_REPOSTS
  (not ready — LinkedIn still processing this domain; re-run later)
== RICH_MEDIA
  (not ready — LinkedIn still processing this domain; re-run later)

== summary ==
  MEMBER_SHARE_INFO: 0 records
  ARTICLES: 0 records
  ALL_COMMENTS: 0 records
  ALL_LIKES: 0 records
  ALL_VOTES: 0 records
  INSTANT_REPOSTS: 0 records
  RICH_MEDIA: 0 records

Written to /Users/maaretp/Documents/own-code/legacy/archives/linkedin/snapshot/
[poll] not ready yet; sleeping 1200s
[poll 40/72 2026-08-31 18:44] fetching --content domains
    network error [SSL: CERTIFICATE_VERIFY_FAILED] certificate verify failed: unable to get local issuer certificate (_ssl.c:1010), retry in 5s
    network error [SSL: CERTIFICATE_VERIFY_FAILED] certificate verify failed: unable to get local issuer certificate (_ssl.c:1010), retry in 10s
    network error [SSL: CERTIFICATE_VERIFY_FAILED] certificate verify failed: unable to get local issuer certificate (_ssl.c:1010), retry in 15s
    network error [SSL: CERTIFICATE_VERIFY_FAILED] certificate verify failed: unable to get local issuer certificate (_ssl.c:1010), retry in 20s
    network error [SSL: CERTIFICATE_VERIFY_FAILED] certificate verify failed: unable to get local issuer certificate (_ssl.c:1010), retry in 25s
  ! MEMBER_SHARE_INFO stopped at start=0: gave up after retries
    network error [Errno 54] Connection reset by peer, retry in 5s
    network error [SSL: CERTIFICATE_VERIFY_FAILED] certificate verify failed: unable to get local issuer certificate (_ssl.c:1010), retry in 10s
    network error [SSL: CERTIFICATE_VERIFY_FAILED] certificate verify failed: unable to get local issuer certificate (_ssl.c:1010), retry in 15s
    network error [SSL: CERTIFICATE_VERIFY_FAILED] certificate verify failed: unable to get local issuer certificate (_ssl.c:1010), retry in 20s
    network error [SSL: CERTIFICATE_VERIFY_FAILED] certificate verify failed: unable to get local issuer certificate (_ssl.c:1010), retry in 25s
  ! ARTICLES stopped at start=0: gave up after retries
    network error [SSL: CERTIFICATE_VERIFY_FAILED] certificate verify failed: unable to get local issuer certificate (_ssl.c:1010), retry in 5s
    network error [SSL: CERTIFICATE_VERIFY_FAILED] certificate verify failed: unable to get local issuer certificate (_ssl.c:1010), retry in 10s
    network error [SSL: CERTIFICATE_VERIFY_FAILED] certificate verify failed: unable to get local issuer certificate (_ssl.c:1010), retry in 15s
    network error [SSL: CERTIFICATE_VERIFY_FAILED] certificate verify failed: unable to get local issuer certificate (_ssl.c:1010), retry in 20s
    network error [SSL: CERTIFICATE_VERIFY_FAILED] certificate verify failed: unable to get local issuer certificate (_ssl.c:1010), retry in 25s
  ! ALL_COMMENTS stopped at start=0: gave up after retries
    network error [SSL: CERTIFICATE_VERIFY_FAILED] certificate verify failed: unable to get local issuer certificate (_ssl.c:1010), retry in 5s
    network error [SSL: CERTIFICATE_VERIFY_FAILED] certificate verify failed: unable to get local issuer certificate (_ssl.c:1010), retry in 10s
    network error [SSL: CERTIFICATE_VERIFY_FAILED] certificate verify failed: unable to get local issuer certificate (_ssl.c:1010), retry in 15s
    network error [SSL: CERTIFICATE_VERIFY_FAILED] certificate verify failed: unable to get local issuer certificate (_ssl.c:1010), retry in 20s
    network error [SSL: CERTIFICATE_VERIFY_FAILED] certificate verify failed: unable to get local issuer certificate (_ssl.c:1010), retry in 25s
  ! ALL_LIKES stopped at start=0: gave up after retries
    network error [SSL: CERTIFICATE_VERIFY_FAILED] certificate verify failed: unable to get local issuer certificate (_ssl.c:1010), retry in 5s
    network error [SSL: CERTIFICATE_VERIFY_FAILED] certificate verify failed: unable to get local issuer certificate (_ssl.c:1010), retry in 10s
    network error [SSL: CERTIFICATE_VERIFY_FAILED] certificate verify failed: unable to get local issuer certificate (_ssl.c:1010), retry in 15s
    network error [SSL: CERTIFICATE_VERIFY_FAILED] certificate verify failed: unable to get local issuer certificate (_ssl.c:1010), retry in 20s
    network error [SSL: CERTIFICATE_VERIFY_FAILED] certificate verify failed: unable to get local issuer certificate (_ssl.c:1010), retry in 25s
  ! ALL_VOTES stopped at start=0: gave up after retries
    network error [SSL: CERTIFICATE_VERIFY_FAILED] certificate verify failed: unable to get local issuer certificate (_ssl.c:1010), retry in 5s
    network error [SSL: CERTIFICATE_VERIFY_FAILED] certificate verify failed: unable to get local issuer certificate (_ssl.c:1010), retry in 10s
    network error [SSL: CERTIFICATE_VERIFY_FAILED] certificate verify failed: unable to get local issuer certificate (_ssl.c:1010), retry in 15s
    network error [SSL: CERTIFICATE_VERIFY_FAILED] certificate verify failed: unable to get local issuer certificate (_ssl.c:1010), retry in 20s
    network error [SSL: CERTIFICATE_VERIFY_FAILED] certificate verify failed: unable to get local issuer certificate (_ssl.c:1010), retry in 25s
  ! INSTANT_REPOSTS stopped at start=0: gave up after retries
    network error [SSL: CERTIFICATE_VERIFY_FAILED] certificate verify failed: unable to get local issuer certificate (_ssl.c:1010), retry in 5s
    network error [SSL: CERTIFICATE_VERIFY_FAILED] certificate verify failed: unable to get local issuer certificate (_ssl.c:1010), retry in 10s
    network error [SSL: CERTIFICATE_VERIFY_FAILED] certificate verify failed: unable to get local issuer certificate (_ssl.c:1010), retry in 15s
    network error [SSL: CERTIFICATE_VERIFY_FAILED] certificate verify failed: unable to get local issuer certificate (_ssl.c:1010), retry in 20s
    network error [SSL: CERTIFICATE_VERIFY_FAILED] certificate verify failed: unable to get local issuer certificate (_ssl.c:1010), retry in 25s
  ! RICH_MEDIA stopped at start=0: gave up after retries
== MEMBER_SHARE_INFO
  (not ready — LinkedIn still processing this domain; re-run later)
== ARTICLES
  (not ready — LinkedIn still processing this domain; re-run later)
== ALL_COMMENTS
  (not ready — LinkedIn still processing this domain; re-run later)
== ALL_LIKES
  (not ready — LinkedIn still processing this domain; re-run later)
== ALL_VOTES
  (not ready — LinkedIn still processing this domain; re-run later)
== INSTANT_REPOSTS
  (not ready — LinkedIn still processing this domain; re-run later)
== RICH_MEDIA
  (not ready — LinkedIn still processing this domain; re-run later)

== summary ==
  MEMBER_SHARE_INFO: 0 records
  ARTICLES: 0 records
  ALL_COMMENTS: 0 records
  ALL_LIKES: 0 records
  ALL_VOTES: 0 records
  INSTANT_REPOSTS: 0 records
  RICH_MEDIA: 0 records

Written to /Users/maaretp/Documents/own-code/legacy/archives/linkedin/snapshot/
[poll] not ready yet; sleeping 1200s
[poll 41/72 2026-08-31 19:58] fetching --content domains
    network error [SSL: CERTIFICATE_VERIFY_FAILED] certificate verify failed: unable to get local issuer certificate (_ssl.c:1010), retry in 5s
    network error [SSL: CERTIFICATE_VERIFY_FAILED] certificate verify failed: unable to get local issuer certificate (_ssl.c:1010), retry in 10s
    network error [SSL: CERTIFICATE_VERIFY_FAILED] certificate verify failed: unable to get local issuer certificate (_ssl.c:1010), retry in 15s
    network error [SSL: CERTIFICATE_VERIFY_FAILED] certificate verify failed: unable to get local issuer certificate (_ssl.c:1010), retry in 20s
    network error [SSL: CERTIFICATE_VERIFY_FAILED] certificate verify failed: unable to get local issuer certificate (_ssl.c:1010), retry in 25s
  ! MEMBER_SHARE_INFO stopped at start=0: gave up after retries
    network error [SSL: CERTIFICATE_VERIFY_FAILED] certificate verify failed: unable to get local issuer certificate (_ssl.c:1010), retry in 5s
    network error [SSL: CERTIFICATE_VERIFY_FAILED] certificate verify failed: unable to get local issuer certificate (_ssl.c:1010), retry in 10s
    network error [SSL: CERTIFICATE_VERIFY_FAILED] certificate verify failed: unable to get local issuer certificate (_ssl.c:1010), retry in 15s
    network error [SSL: CERTIFICATE_VERIFY_FAILED] certificate verify failed: unable to get local issuer certificate (_ssl.c:1010), retry in 20s
    network error [SSL: CERTIFICATE_VERIFY_FAILED] certificate verify failed: unable to get local issuer certificate (_ssl.c:1010), retry in 25s
  ! ARTICLES stopped at start=0: gave up after retries
    network error [SSL: CERTIFICATE_VERIFY_FAILED] certificate verify failed: unable to get local issuer certificate (_ssl.c:1010), retry in 5s
    network error [SSL: CERTIFICATE_VERIFY_FAILED] certificate verify failed: unable to get local issuer certificate (_ssl.c:1010), retry in 10s
    network error [SSL: CERTIFICATE_VERIFY_FAILED] certificate verify failed: unable to get local issuer certificate (_ssl.c:1010), retry in 15s
    network error [SSL: CERTIFICATE_VERIFY_FAILED] certificate verify failed: unable to get local issuer certificate (_ssl.c:1010), retry in 20s
    network error [SSL: CERTIFICATE_VERIFY_FAILED] certificate verify failed: unable to get local issuer certificate (_ssl.c:1010), retry in 25s
  ! ALL_COMMENTS stopped at start=0: gave up after retries
    network error [SSL: CERTIFICATE_VERIFY_FAILED] certificate verify failed: unable to get local issuer certificate (_ssl.c:1010), retry in 5s
    network error [SSL: CERTIFICATE_VERIFY_FAILED] certificate verify failed: unable to get local issuer certificate (_ssl.c:1010), retry in 10s
    network error [SSL: CERTIFICATE_VERIFY_FAILED] certificate verify failed: unable to get local issuer certificate (_ssl.c:1010), retry in 15s
    network error [SSL: CERTIFICATE_VERIFY_FAILED] certificate verify failed: unable to get local issuer certificate (_ssl.c:1010), retry in 20s
    network error [SSL: CERTIFICATE_VERIFY_FAILED] certificate verify failed: unable to get local issuer certificate (_ssl.c:1010), retry in 25s
  ! ALL_LIKES stopped at start=0: gave up after retries
    network error [SSL: CERTIFICATE_VERIFY_FAILED] certificate verify failed: unable to get local issuer certificate (_ssl.c:1010), retry in 5s
    network error [SSL: CERTIFICATE_VERIFY_FAILED] certificate verify failed: unable to get local issuer certificate (_ssl.c:1010), retry in 10s
    network error [SSL: CERTIFICATE_VERIFY_FAILED] certificate verify failed: unable to get local issuer certificate (_ssl.c:1010), retry in 15s
    network error [SSL: CERTIFICATE_VERIFY_FAILED] certificate verify failed: unable to get local issuer certificate (_ssl.c:1010), retry in 20s
    network error [SSL: CERTIFICATE_VERIFY_FAILED] certificate verify failed: unable to get local issuer certificate (_ssl.c:1010), retry in 25s
  ! ALL_VOTES stopped at start=0: gave up after retries
    network error [SSL: CERTIFICATE_VERIFY_FAILED] certificate verify failed: unable to get local issuer certificate (_ssl.c:1010), retry in 5s
    network error [SSL: CERTIFICATE_VERIFY_FAILED] certificate verify failed: unable to get local issuer certificate (_ssl.c:1010), retry in 10s
    network error [SSL: CERTIFICATE_VERIFY_FAILED] certificate verify failed: unable to get local issuer certificate (_ssl.c:1010), retry in 15s
    network error [SSL: CERTIFICATE_VERIFY_FAILED] certificate verify failed: unable to get local issuer certificate (_ssl.c:1010), retry in 20s
    network error [SSL: CERTIFICATE_VERIFY_FAILED] certificate verify failed: unable to get local issuer certificate (_ssl.c:1010), retry in 25s
  ! INSTANT_REPOSTS stopped at start=0: gave up after retries
    network error [SSL: CERTIFICATE_VERIFY_FAILED] certificate verify failed: unable to get local issuer certificate (_ssl.c:1010), retry in 5s
    network error [SSL: CERTIFICATE_VERIFY_FAILED] certificate verify failed: unable to get local issuer certificate (_ssl.c:1010), retry in 10s
    network error [SSL: CERTIFICATE_VERIFY_FAILED] certificate verify failed: unable to get local issuer certificate (_ssl.c:1010), retry in 15s
    network error [SSL: CERTIFICATE_VERIFY_FAILED] certificate verify failed: unable to get local issuer certificate (_ssl.c:1010), retry in 20s
    network error [SSL: CERTIFICATE_VERIFY_FAILED] certificate verify failed: unable to get local issuer certificate (_ssl.c:1010), retry in 25s
  ! RICH_MEDIA stopped at start=0: gave up after retries
== MEMBER_SHARE_INFO
  (not ready — LinkedIn still processing this domain; re-run later)
== ARTICLES
  (not ready — LinkedIn still processing this domain; re-run later)
== ALL_COMMENTS
  (not ready — LinkedIn still processing this domain; re-run later)
== ALL_LIKES
  (not ready — LinkedIn still processing this domain; re-run later)
== ALL_VOTES
  (not ready — LinkedIn still processing this domain; re-run later)
== INSTANT_REPOSTS
  (not ready — LinkedIn still processing this domain; re-run later)
== RICH_MEDIA
  (not ready — LinkedIn still processing this domain; re-run later)

== summary ==
  MEMBER_SHARE_INFO: 0 records
  ARTICLES: 0 records
  ALL_COMMENTS: 0 records
  ALL_LIKES: 0 records
  ALL_VOTES: 0 records
  INSTANT_REPOSTS: 0 records
  RICH_MEDIA: 0 records

Written to /Users/maaretp/Documents/own-code/legacy/archives/linkedin/snapshot/
[poll] not ready yet; sleeping 1200s
[poll 42/72 2026-08-31 20:27] fetching --content domains
    network error [SSL: CERTIFICATE_VERIFY_FAILED] certificate verify failed: unable to get local issuer certificate (_ssl.c:1010), retry in 5s
    network error [SSL: CERTIFICATE_VERIFY_FAILED] certificate verify failed: unable to get local issuer certificate (_ssl.c:1010), retry in 10s
    network error [SSL: CERTIFICATE_VERIFY_FAILED] certificate verify failed: unable to get local issuer certificate (_ssl.c:1010), retry in 15s
    network error [SSL: CERTIFICATE_VERIFY_FAILED] certificate verify failed: unable to get local issuer certificate (_ssl.c:1010), retry in 20s
    network error [SSL: CERTIFICATE_VERIFY_FAILED] certificate verify failed: unable to get local issuer certificate (_ssl.c:1010), retry in 25s
  ! MEMBER_SHARE_INFO stopped at start=0: gave up after retries
    network error [SSL: CERTIFICATE_VERIFY_FAILED] certificate verify failed: unable to get local issuer certificate (_ssl.c:1010), retry in 5s
    network error [SSL: CERTIFICATE_VERIFY_FAILED] certificate verify failed: unable to get local issuer certificate (_ssl.c:1010), retry in 10s
    network error [SSL: CERTIFICATE_VERIFY_FAILED] certificate verify failed: unable to get local issuer certificate (_ssl.c:1010), retry in 15s
    network error [SSL: CERTIFICATE_VERIFY_FAILED] certificate verify failed: unable to get local issuer certificate (_ssl.c:1010), retry in 20s
    network error [SSL: CERTIFICATE_VERIFY_FAILED] certificate verify failed: unable to get local issuer certificate (_ssl.c:1010), retry in 25s
  ! ARTICLES stopped at start=0: gave up after retries
    network error [SSL: CERTIFICATE_VERIFY_FAILED] certificate verify failed: unable to get local issuer certificate (_ssl.c:1010), retry in 5s
    network error [SSL: CERTIFICATE_VERIFY_FAILED] certificate verify failed: unable to get local issuer certificate (_ssl.c:1010), retry in 10s
    network error [SSL: CERTIFICATE_VERIFY_FAILED] certificate verify failed: unable to get local issuer certificate (_ssl.c:1010), retry in 15s
    network error [SSL: CERTIFICATE_VERIFY_FAILED] certificate verify failed: unable to get local issuer certificate (_ssl.c:1010), retry in 20s
    network error [SSL: CERTIFICATE_VERIFY_FAILED] certificate verify failed: unable to get local issuer certificate (_ssl.c:1010), retry in 25s
  ! ALL_COMMENTS stopped at start=0: gave up after retries
    network error [SSL: CERTIFICATE_VERIFY_FAILED] certificate verify failed: unable to get local issuer certificate (_ssl.c:1010), retry in 5s
    network error [SSL: CERTIFICATE_VERIFY_FAILED] certificate verify failed: unable to get local issuer certificate (_ssl.c:1010), retry in 10s
    network error [SSL: CERTIFICATE_VERIFY_FAILED] certificate verify failed: unable to get local issuer certificate (_ssl.c:1010), retry in 15s
    network error [SSL: CERTIFICATE_VERIFY_FAILED] certificate verify failed: unable to get local issuer certificate (_ssl.c:1010), retry in 20s
    network error [SSL: CERTIFICATE_VERIFY_FAILED] certificate verify failed: unable to get local issuer certificate (_ssl.c:1010), retry in 25s
  ! ALL_LIKES stopped at start=0: gave up after retries
    network error [SSL: CERTIFICATE_VERIFY_FAILED] certificate verify failed: unable to get local issuer certificate (_ssl.c:1010), retry in 5s
    network error [SSL: CERTIFICATE_VERIFY_FAILED] certificate verify failed: unable to get local issuer certificate (_ssl.c:1010), retry in 10s
    network error [SSL: CERTIFICATE_VERIFY_FAILED] certificate verify failed: unable to get local issuer certificate (_ssl.c:1010), retry in 15s
    network error [SSL: CERTIFICATE_VERIFY_FAILED] certificate verify failed: unable to get local issuer certificate (_ssl.c:1010), retry in 20s
    network error [SSL: CERTIFICATE_VERIFY_FAILED] certificate verify failed: unable to get local issuer certificate (_ssl.c:1010), retry in 25s
  ! ALL_VOTES stopped at start=0: gave up after retries
    network error [SSL: CERTIFICATE_VERIFY_FAILED] certificate verify failed: unable to get local issuer certificate (_ssl.c:1010), retry in 5s
    network error [SSL: CERTIFICATE_VERIFY_FAILED] certificate verify failed: unable to get local issuer certificate (_ssl.c:1010), retry in 10s
    network error [SSL: CERTIFICATE_VERIFY_FAILED] certificate verify failed: unable to get local issuer certificate (_ssl.c:1010), retry in 15s
    network error [SSL: CERTIFICATE_VERIFY_FAILED] certificate verify failed: unable to get local issuer certificate (_ssl.c:1010), retry in 20s
    network error [SSL: CERTIFICATE_VERIFY_FAILED] certificate verify failed: unable to get local issuer certificate (_ssl.c:1010), retry in 25s
  ! INSTANT_REPOSTS stopped at start=0: gave up after retries
    network error [SSL: CERTIFICATE_VERIFY_FAILED] certificate verify failed: unable to get local issuer certificate (_ssl.c:1010), retry in 5s
    network error [SSL: CERTIFICATE_VERIFY_FAILED] certificate verify failed: unable to get local issuer certificate (_ssl.c:1010), retry in 10s
    network error [SSL: CERTIFICATE_VERIFY_FAILED] certificate verify failed: unable to get local issuer certificate (_ssl.c:1010), retry in 15s
    network error [SSL: CERTIFICATE_VERIFY_FAILED] certificate verify failed: unable to get local issuer certificate (_ssl.c:1010), retry in 20s
    network error [SSL: CERTIFICATE_VERIFY_FAILED] certificate verify failed: unable to get local issuer certificate (_ssl.c:1010), retry in 25s
  ! RICH_MEDIA stopped at start=0: gave up after retries
== MEMBER_SHARE_INFO
  (not ready — LinkedIn still processing this domain; re-run later)
== ARTICLES
  (not ready — LinkedIn still processing this domain; re-run later)
== ALL_COMMENTS
  (not ready — LinkedIn still processing this domain; re-run later)
== ALL_LIKES
  (not ready — LinkedIn still processing this domain; re-run later)
== ALL_VOTES
  (not ready — LinkedIn still processing this domain; re-run later)
== INSTANT_REPOSTS
  (not ready — LinkedIn still processing this domain; re-run later)
== RICH_MEDIA
  (not ready — LinkedIn still processing this domain; re-run later)

== summary ==
  MEMBER_SHARE_INFO: 0 records
  ARTICLES: 0 records
  ALL_COMMENTS: 0 records
  ALL_LIKES: 0 records
  ALL_VOTES: 0 records
  INSTANT_REPOSTS: 0 records
  RICH_MEDIA: 0 records

Written to /Users/maaretp/Documents/own-code/legacy/archives/linkedin/snapshot/
[poll] not ready yet; sleeping 1200s
[poll 43/72 2026-08-31 20:56] fetching --content domains
    network error [SSL: CERTIFICATE_VERIFY_FAILED] certificate verify failed: unable to get local issuer certificate (_ssl.c:1010), retry in 5s
    network error [SSL: CERTIFICATE_VERIFY_FAILED] certificate verify failed: unable to get local issuer certificate (_ssl.c:1010), retry in 10s
    network error [SSL: CERTIFICATE_VERIFY_FAILED] certificate verify failed: unable to get local issuer certificate (_ssl.c:1010), retry in 15s
    network error [SSL: CERTIFICATE_VERIFY_FAILED] certificate verify failed: unable to get local issuer certificate (_ssl.c:1010), retry in 20s
    network error [SSL: CERTIFICATE_VERIFY_FAILED] certificate verify failed: unable to get local issuer certificate (_ssl.c:1010), retry in 25s
  ! MEMBER_SHARE_INFO stopped at start=0: gave up after retries
    network error [SSL: CERTIFICATE_VERIFY_FAILED] certificate verify failed: unable to get local issuer certificate (_ssl.c:1010), retry in 5s
    network error [SSL: CERTIFICATE_VERIFY_FAILED] certificate verify failed: unable to get local issuer certificate (_ssl.c:1010), retry in 10s
    network error [SSL: CERTIFICATE_VERIFY_FAILED] certificate verify failed: unable to get local issuer certificate (_ssl.c:1010), retry in 15s
    network error [SSL: CERTIFICATE_VERIFY_FAILED] certificate verify failed: unable to get local issuer certificate (_ssl.c:1010), retry in 20s
    network error [SSL: CERTIFICATE_VERIFY_FAILED] certificate verify failed: unable to get local issuer certificate (_ssl.c:1010), retry in 25s
  ! ARTICLES stopped at start=0: gave up after retries
    network error [SSL: CERTIFICATE_VERIFY_FAILED] certificate verify failed: unable to get local issuer certificate (_ssl.c:1010), retry in 5s
    network error [SSL: CERTIFICATE_VERIFY_FAILED] certificate verify failed: unable to get local issuer certificate (_ssl.c:1010), retry in 10s
    network error [SSL: CERTIFICATE_VERIFY_FAILED] certificate verify failed: unable to get local issuer certificate (_ssl.c:1010), retry in 15s
    network error [SSL: CERTIFICATE_VERIFY_FAILED] certificate verify failed: unable to get local issuer certificate (_ssl.c:1010), retry in 20s
    network error [SSL: CERTIFICATE_VERIFY_FAILED] certificate verify failed: unable to get local issuer certificate (_ssl.c:1010), retry in 25s
  ! ALL_COMMENTS stopped at start=0: gave up after retries
    network error [SSL: CERTIFICATE_VERIFY_FAILED] certificate verify failed: unable to get local issuer certificate (_ssl.c:1010), retry in 5s
    network error [SSL: CERTIFICATE_VERIFY_FAILED] certificate verify failed: unable to get local issuer certificate (_ssl.c:1010), retry in 10s
    network error [SSL: CERTIFICATE_VERIFY_FAILED] certificate verify failed: unable to get local issuer certificate (_ssl.c:1010), retry in 15s
    network error [SSL: CERTIFICATE_VERIFY_FAILED] certificate verify failed: unable to get local issuer certificate (_ssl.c:1010), retry in 20s
    network error [SSL: CERTIFICATE_VERIFY_FAILED] certificate verify failed: unable to get local issuer certificate (_ssl.c:1010), retry in 25s
  ! ALL_LIKES stopped at start=0: gave up after retries
    network error [SSL: CERTIFICATE_VERIFY_FAILED] certificate verify failed: unable to get local issuer certificate (_ssl.c:1010), retry in 5s
    network error [SSL: CERTIFICATE_VERIFY_FAILED] certificate verify failed: unable to get local issuer certificate (_ssl.c:1010), retry in 10s
    network error [SSL: CERTIFICATE_VERIFY_FAILED] certificate verify failed: unable to get local issuer certificate (_ssl.c:1010), retry in 15s
    network error [SSL: CERTIFICATE_VERIFY_FAILED] certificate verify failed: unable to get local issuer certificate (_ssl.c:1010), retry in 20s
    network error [SSL: CERTIFICATE_VERIFY_FAILED] certificate verify failed: unable to get local issuer certificate (_ssl.c:1010), retry in 25s
  ! ALL_VOTES stopped at start=0: gave up after retries
    network error [SSL: CERTIFICATE_VERIFY_FAILED] certificate verify failed: unable to get local issuer certificate (_ssl.c:1010), retry in 5s
    network error [SSL: CERTIFICATE_VERIFY_FAILED] certificate verify failed: unable to get local issuer certificate (_ssl.c:1010), retry in 10s
    network error [SSL: CERTIFICATE_VERIFY_FAILED] certificate verify failed: unable to get local issuer certificate (_ssl.c:1010), retry in 15s
    network error [SSL: CERTIFICATE_VERIFY_FAILED] certificate verify failed: unable to get local issuer certificate (_ssl.c:1010), retry in 20s
    network error [SSL: CERTIFICATE_VERIFY_FAILED] certificate verify failed: unable to get local issuer certificate (_ssl.c:1010), retry in 25s
  ! INSTANT_REPOSTS stopped at start=0: gave up after retries
    network error [SSL: CERTIFICATE_VERIFY_FAILED] certificate verify failed: unable to get local issuer certificate (_ssl.c:1010), retry in 5s
    network error [SSL: CERTIFICATE_VERIFY_FAILED] certificate verify failed: unable to get local issuer certificate (_ssl.c:1010), retry in 10s
    network error [SSL: CERTIFICATE_VERIFY_FAILED] certificate verify failed: unable to get local issuer certificate (_ssl.c:1010), retry in 15s
    network error [SSL: CERTIFICATE_VERIFY_FAILED] certificate verify failed: unable to get local issuer certificate (_ssl.c:1010), retry in 20s
    network error [SSL: CERTIFICATE_VERIFY_FAILED] certificate verify failed: unable to get local issuer certificate (_ssl.c:1010), retry in 25s
  ! RICH_MEDIA stopped at start=0: gave up after retries
== MEMBER_SHARE_INFO
  (not ready — LinkedIn still processing this domain; re-run later)
== ARTICLES
  (not ready — LinkedIn still processing this domain; re-run later)
== ALL_COMMENTS
  (not ready — LinkedIn still processing this domain; re-run later)
== ALL_LIKES
  (not ready — LinkedIn still processing this domain; re-run later)
== ALL_VOTES
  (not ready — LinkedIn still processing this domain; re-run later)
== INSTANT_REPOSTS
  (not ready — LinkedIn still processing this domain; re-run later)
== RICH_MEDIA
  (not ready — LinkedIn still processing this domain; re-run later)

== summary ==
  MEMBER_SHARE_INFO: 0 records
  ARTICLES: 0 records
  ALL_COMMENTS: 0 records
  ALL_LIKES: 0 records
  ALL_VOTES: 0 records
  INSTANT_REPOSTS: 0 records
  RICH_MEDIA: 0 records

Written to /Users/maaretp/Documents/own-code/legacy/archives/linkedin/snapshot/
[poll] not ready yet; sleeping 1200s
[poll 44/72 2026-08-31 23:25] fetching --content domains
    network error [SSL: CERTIFICATE_VERIFY_FAILED] certificate verify failed: unable to get local issuer certificate (_ssl.c:1010), retry in 5s
    network error [SSL: CERTIFICATE_VERIFY_FAILED] certificate verify failed: unable to get local issuer certificate (_ssl.c:1010), retry in 10s
    network error [SSL: CERTIFICATE_VERIFY_FAILED] certificate verify failed: unable to get local issuer certificate (_ssl.c:1010), retry in 15s
    network error [SSL: CERTIFICATE_VERIFY_FAILED] certificate verify failed: unable to get local issuer certificate (_ssl.c:1010), retry in 20s
    network error [SSL: CERTIFICATE_VERIFY_FAILED] certificate verify failed: unable to get local issuer certificate (_ssl.c:1010), retry in 25s
  ! MEMBER_SHARE_INFO stopped at start=0: gave up after retries
    network error [SSL: CERTIFICATE_VERIFY_FAILED] certificate verify failed: unable to get local issuer certificate (_ssl.c:1010), retry in 5s
    network error [SSL: CERTIFICATE_VERIFY_FAILED] certificate verify failed: unable to get local issuer certificate (_ssl.c:1010), retry in 10s
    network error [SSL: CERTIFICATE_VERIFY_FAILED] certificate verify failed: unable to get local issuer certificate (_ssl.c:1010), retry in 15s
    network error [SSL: CERTIFICATE_VERIFY_FAILED] certificate verify failed: unable to get local issuer certificate (_ssl.c:1010), retry in 20s
    network error [SSL: CERTIFICATE_VERIFY_FAILED] certificate verify failed: unable to get local issuer certificate (_ssl.c:1010), retry in 25s
  ! ARTICLES stopped at start=0: gave up after retries
    network error [SSL: CERTIFICATE_VERIFY_FAILED] certificate verify failed: unable to get local issuer certificate (_ssl.c:1010), retry in 5s
    network error [SSL: CERTIFICATE_VERIFY_FAILED] certificate verify failed: unable to get local issuer certificate (_ssl.c:1010), retry in 10s
    network error [SSL: CERTIFICATE_VERIFY_FAILED] certificate verify failed: unable to get local issuer certificate (_ssl.c:1010), retry in 15s
    network error [SSL: CERTIFICATE_VERIFY_FAILED] certificate verify failed: unable to get local issuer certificate (_ssl.c:1010), retry in 20s
    network error [SSL: CERTIFICATE_VERIFY_FAILED] certificate verify failed: unable to get local issuer certificate (_ssl.c:1010), retry in 25s
  ! ALL_COMMENTS stopped at start=0: gave up after retries
    network error [SSL: CERTIFICATE_VERIFY_FAILED] certificate verify failed: unable to get local issuer certificate (_ssl.c:1010), retry in 5s
    network error [SSL: CERTIFICATE_VERIFY_FAILED] certificate verify failed: unable to get local issuer certificate (_ssl.c:1010), retry in 10s
    network error [SSL: CERTIFICATE_VERIFY_FAILED] certificate verify failed: unable to get local issuer certificate (_ssl.c:1010), retry in 15s
    network error [SSL: CERTIFICATE_VERIFY_FAILED] certificate verify failed: unable to get local issuer certificate (_ssl.c:1010), retry in 20s
    network error [SSL: CERTIFICATE_VERIFY_FAILED] certificate verify failed: unable to get local issuer certificate (_ssl.c:1010), retry in 25s
  ! ALL_LIKES stopped at start=0: gave up after retries
    network error [SSL: CERTIFICATE_VERIFY_FAILED] certificate verify failed: unable to get local issuer certificate (_ssl.c:1010), retry in 5s
    network error [SSL: CERTIFICATE_VERIFY_FAILED] certificate verify failed: unable to get local issuer certificate (_ssl.c:1010), retry in 10s
    network error [SSL: CERTIFICATE_VERIFY_FAILED] certificate verify failed: unable to get local issuer certificate (_ssl.c:1010), retry in 15s
    network error [SSL: CERTIFICATE_VERIFY_FAILED] certificate verify failed: unable to get local issuer certificate (_ssl.c:1010), retry in 20s
    network error [SSL: CERTIFICATE_VERIFY_FAILED] certificate verify failed: unable to get local issuer certificate (_ssl.c:1010), retry in 25s
  ! ALL_VOTES stopped at start=0: gave up after retries
    network error [SSL: CERTIFICATE_VERIFY_FAILED] certificate verify failed: unable to get local issuer certificate (_ssl.c:1010), retry in 5s
    network error [SSL: CERTIFICATE_VERIFY_FAILED] certificate verify failed: unable to get local issuer certificate (_ssl.c:1010), retry in 10s
    network error [SSL: CERTIFICATE_VERIFY_FAILED] certificate verify failed: unable to get local issuer certificate (_ssl.c:1010), retry in 15s
    network error [SSL: CERTIFICATE_VERIFY_FAILED] certificate verify failed: unable to get local issuer certificate (_ssl.c:1010), retry in 20s
    network error [SSL: CERTIFICATE_VERIFY_FAILED] certificate verify failed: unable to get local issuer certificate (_ssl.c:1010), retry in 25s
  ! INSTANT_REPOSTS stopped at start=0: gave up after retries
    network error [SSL: CERTIFICATE_VERIFY_FAILED] certificate verify failed: unable to get local issuer certificate (_ssl.c:1010), retry in 5s
    network error [Errno 54] Connection reset by peer, retry in 10s
    network error [SSL: CERTIFICATE_VERIFY_FAILED] certificate verify failed: unable to get local issuer certificate (_ssl.c:1010), retry in 15s
    network error [SSL: CERTIFICATE_VERIFY_FAILED] certificate verify failed: unable to get local issuer certificate (_ssl.c:1010), retry in 20s
    network error [SSL: CERTIFICATE_VERIFY_FAILED] certificate verify failed: unable to get local issuer certificate (_ssl.c:1010), retry in 25s
  ! RICH_MEDIA stopped at start=0: gave up after retries
== MEMBER_SHARE_INFO
  (not ready — LinkedIn still processing this domain; re-run later)
== ARTICLES
  (not ready — LinkedIn still processing this domain; re-run later)
== ALL_COMMENTS
  (not ready — LinkedIn still processing this domain; re-run later)
== ALL_LIKES
  (not ready — LinkedIn still processing this domain; re-run later)
== ALL_VOTES
  (not ready — LinkedIn still processing this domain; re-run later)
== INSTANT_REPOSTS
  (not ready — LinkedIn still processing this domain; re-run later)
== RICH_MEDIA
  (not ready — LinkedIn still processing this domain; re-run later)

== summary ==
  MEMBER_SHARE_INFO: 0 records
  ARTICLES: 0 records
  ALL_COMMENTS: 0 records
  ALL_LIKES: 0 records
  ALL_VOTES: 0 records
  INSTANT_REPOSTS: 0 records
  RICH_MEDIA: 0 records

Written to /Users/maaretp/Documents/own-code/legacy/archives/linkedin/snapshot/
[poll] not ready yet; sleeping 1200s
[poll 45/72 2026-09-01 06:29] fetching --content domains
    network error [SSL: CERTIFICATE_VERIFY_FAILED] certificate verify failed: unable to get local issuer certificate (_ssl.c:1010), retry in 5s
    network error [SSL: CERTIFICATE_VERIFY_FAILED] certificate verify failed: unable to get local issuer certificate (_ssl.c:1010), retry in 10s
    network error [SSL: CERTIFICATE_VERIFY_FAILED] certificate verify failed: unable to get local issuer certificate (_ssl.c:1010), retry in 15s
    network error [SSL: CERTIFICATE_VERIFY_FAILED] certificate verify failed: unable to get local issuer certificate (_ssl.c:1010), retry in 20s
    network error [SSL: CERTIFICATE_VERIFY_FAILED] certificate verify failed: unable to get local issuer certificate (_ssl.c:1010), retry in 25s
  ! MEMBER_SHARE_INFO stopped at start=0: gave up after retries
    network error [SSL: CERTIFICATE_VERIFY_FAILED] certificate verify failed: unable to get local issuer certificate (_ssl.c:1010), retry in 5s
    network error [SSL: CERTIFICATE_VERIFY_FAILED] certificate verify failed: unable to get local issuer certificate (_ssl.c:1010), retry in 10s
    network error [SSL: CERTIFICATE_VERIFY_FAILED] certificate verify failed: unable to get local issuer certificate (_ssl.c:1010), retry in 15s
    network error [SSL: CERTIFICATE_VERIFY_FAILED] certificate verify failed: unable to get local issuer certificate (_ssl.c:1010), retry in 20s
    network error [SSL: CERTIFICATE_VERIFY_FAILED] certificate verify failed: unable to get local issuer certificate (_ssl.c:1010), retry in 25s
  ! ARTICLES stopped at start=0: gave up after retries
    network error [SSL: CERTIFICATE_VERIFY_FAILED] certificate verify failed: unable to get local issuer certificate (_ssl.c:1010), retry in 5s
    network error [SSL: CERTIFICATE_VERIFY_FAILED] certificate verify failed: unable to get local issuer certificate (_ssl.c:1010), retry in 10s
    network error [SSL: CERTIFICATE_VERIFY_FAILED] certificate verify failed: unable to get local issuer certificate (_ssl.c:1010), retry in 15s
    network error [SSL: CERTIFICATE_VERIFY_FAILED] certificate verify failed: unable to get local issuer certificate (_ssl.c:1010), retry in 20s
    network error [SSL: CERTIFICATE_VERIFY_FAILED] certificate verify failed: unable to get local issuer certificate (_ssl.c:1010), retry in 25s
  ! ALL_COMMENTS stopped at start=0: gave up after retries
    network error [SSL: CERTIFICATE_VERIFY_FAILED] certificate verify failed: unable to get local issuer certificate (_ssl.c:1010), retry in 5s
    network error [SSL: CERTIFICATE_VERIFY_FAILED] certificate verify failed: unable to get local issuer certificate (_ssl.c:1010), retry in 10s
    network error [SSL: CERTIFICATE_VERIFY_FAILED] certificate verify failed: unable to get local issuer certificate (_ssl.c:1010), retry in 15s
    network error [SSL: CERTIFICATE_VERIFY_FAILED] certificate verify failed: unable to get local issuer certificate (_ssl.c:1010), retry in 20s
    network error [SSL: CERTIFICATE_VERIFY_FAILED] certificate verify failed: unable to get local issuer certificate (_ssl.c:1010), retry in 25s
  ! ALL_LIKES stopped at start=0: gave up after retries
    network error [SSL: CERTIFICATE_VERIFY_FAILED] certificate verify failed: unable to get local issuer certificate (_ssl.c:1010), retry in 5s
    network error [SSL: CERTIFICATE_VERIFY_FAILED] certificate verify failed: unable to get local issuer certificate (_ssl.c:1010), retry in 10s
    network error [SSL: CERTIFICATE_VERIFY_FAILED] certificate verify failed: unable to get local issuer certificate (_ssl.c:1010), retry in 15s
    network error [SSL: CERTIFICATE_VERIFY_FAILED] certificate verify failed: unable to get local issuer certificate (_ssl.c:1010), retry in 20s
    network error [SSL: CERTIFICATE_VERIFY_FAILED] certificate verify failed: unable to get local issuer certificate (_ssl.c:1010), retry in 25s
  ! ALL_VOTES stopped at start=0: gave up after retries
    network error [SSL: CERTIFICATE_VERIFY_FAILED] certificate verify failed: unable to get local issuer certificate (_ssl.c:1010), retry in 5s
    network error [SSL: CERTIFICATE_VERIFY_FAILED] certificate verify failed: unable to get local issuer certificate (_ssl.c:1010), retry in 10s
    network error [SSL: CERTIFICATE_VERIFY_FAILED] certificate verify failed: unable to get local issuer certificate (_ssl.c:1010), retry in 15s
    network error [SSL: CERTIFICATE_VERIFY_FAILED] certificate verify failed: unable to get local issuer certificate (_ssl.c:1010), retry in 20s
    network error [SSL: CERTIFICATE_VERIFY_FAILED] certificate verify failed: unable to get local issuer certificate (_ssl.c:1010), retry in 25s
  ! INSTANT_REPOSTS stopped at start=0: gave up after retries
    network error [SSL: CERTIFICATE_VERIFY_FAILED] certificate verify failed: unable to get local issuer certificate (_ssl.c:1010), retry in 5s
    network error [SSL: CERTIFICATE_VERIFY_FAILED] certificate verify failed: unable to get local issuer certificate (_ssl.c:1010), retry in 10s
    network error [SSL: CERTIFICATE_VERIFY_FAILED] certificate verify failed: unable to get local issuer certificate (_ssl.c:1010), retry in 15s
    network error [SSL: CERTIFICATE_VERIFY_FAILED] certificate verify failed: unable to get local issuer certificate (_ssl.c:1010), retry in 20s
    network error [SSL: CERTIFICATE_VERIFY_FAILED] certificate verify failed: unable to get local issuer certificate (_ssl.c:1010), retry in 25s
  ! RICH_MEDIA stopped at start=0: gave up after retries
== MEMBER_SHARE_INFO
  (not ready — LinkedIn still processing this domain; re-run later)
== ARTICLES
  (not ready — LinkedIn still processing this domain; re-run later)
== ALL_COMMENTS
  (not ready — LinkedIn still processing this domain; re-run later)
== ALL_LIKES
  (not ready — LinkedIn still processing this domain; re-run later)
== ALL_VOTES
  (not ready — LinkedIn still processing this domain; re-run later)
== INSTANT_REPOSTS
  (not ready — LinkedIn still processing this domain; re-run later)
== RICH_MEDIA
  (not ready — LinkedIn still processing this domain; re-run later)

== summary ==
  MEMBER_SHARE_INFO: 0 records
  ARTICLES: 0 records
  ALL_COMMENTS: 0 records
  ALL_LIKES: 0 records
  ALL_VOTES: 0 records
  INSTANT_REPOSTS: 0 records
  RICH_MEDIA: 0 records

Written to /Users/maaretp/Documents/own-code/legacy/archives/linkedin/snapshot/
[poll] not ready yet; sleeping 1200s
[poll 46/72 2026-09-01 08:31] fetching --content domains
    network error [SSL: CERTIFICATE_VERIFY_FAILED] certificate verify failed: unable to get local issuer certificate (_ssl.c:1010), retry in 5s
    network error [SSL: CERTIFICATE_VERIFY_FAILED] certificate verify failed: unable to get local issuer certificate (_ssl.c:1010), retry in 10s
    network error [SSL: CERTIFICATE_VERIFY_FAILED] certificate verify failed: unable to get local issuer certificate (_ssl.c:1010), retry in 15s
    network error [SSL: CERTIFICATE_VERIFY_FAILED] certificate verify failed: unable to get local issuer certificate (_ssl.c:1010), retry in 20s
    network error [SSL: CERTIFICATE_VERIFY_FAILED] certificate verify failed: unable to get local issuer certificate (_ssl.c:1010), retry in 25s
  ! MEMBER_SHARE_INFO stopped at start=0: gave up after retries
    network error [SSL: CERTIFICATE_VERIFY_FAILED] certificate verify failed: unable to get local issuer certificate (_ssl.c:1010), retry in 5s
    network error [SSL: CERTIFICATE_VERIFY_FAILED] certificate verify failed: unable to get local issuer certificate (_ssl.c:1010), retry in 10s
    network error [SSL: CERTIFICATE_VERIFY_FAILED] certificate verify failed: unable to get local issuer certificate (_ssl.c:1010), retry in 15s
    network error [SSL: CERTIFICATE_VERIFY_FAILED] certificate verify failed: unable to get local issuer certificate (_ssl.c:1010), retry in 20s
    network error [SSL: CERTIFICATE_VERIFY_FAILED] certificate verify failed: unable to get local issuer certificate (_ssl.c:1010), retry in 25s
  ! ARTICLES stopped at start=0: gave up after retries
    network error [SSL: CERTIFICATE_VERIFY_FAILED] certificate verify failed: unable to get local issuer certificate (_ssl.c:1010), retry in 5s
    network error [SSL: CERTIFICATE_VERIFY_FAILED] certificate verify failed: unable to get local issuer certificate (_ssl.c:1010), retry in 10s
    network error [SSL: CERTIFICATE_VERIFY_FAILED] certificate verify failed: unable to get local issuer certificate (_ssl.c:1010), retry in 15s
    network error [SSL: CERTIFICATE_VERIFY_FAILED] certificate verify failed: unable to get local issuer certificate (_ssl.c:1010), retry in 20s
    network error [SSL: CERTIFICATE_VERIFY_FAILED] certificate verify failed: unable to get local issuer certificate (_ssl.c:1010), retry in 25s
  ! ALL_COMMENTS stopped at start=0: gave up after retries
    network error [SSL: CERTIFICATE_VERIFY_FAILED] certificate verify failed: unable to get local issuer certificate (_ssl.c:1010), retry in 5s
    network error [SSL: CERTIFICATE_VERIFY_FAILED] certificate verify failed: unable to get local issuer certificate (_ssl.c:1010), retry in 10s
    network error [SSL: CERTIFICATE_VERIFY_FAILED] certificate verify failed: unable to get local issuer certificate (_ssl.c:1010), retry in 15s
    network error [SSL: CERTIFICATE_VERIFY_FAILED] certificate verify failed: unable to get local issuer certificate (_ssl.c:1010), retry in 20s
    network error [SSL: CERTIFICATE_VERIFY_FAILED] certificate verify failed: unable to get local issuer certificate (_ssl.c:1010), retry in 25s
  ! ALL_LIKES stopped at start=0: gave up after retries
    network error [SSL: CERTIFICATE_VERIFY_FAILED] certificate verify failed: unable to get local issuer certificate (_ssl.c:1010), retry in 5s
    network error [SSL: CERTIFICATE_VERIFY_FAILED] certificate verify failed: unable to get local issuer certificate (_ssl.c:1010), retry in 10s
    network error [SSL: CERTIFICATE_VERIFY_FAILED] certificate verify failed: unable to get local issuer certificate (_ssl.c:1010), retry in 15s
    network error [SSL: CERTIFICATE_VERIFY_FAILED] certificate verify failed: unable to get local issuer certificate (_ssl.c:1010), retry in 20s
    network error [SSL: CERTIFICATE_VERIFY_FAILED] certificate verify failed: unable to get local issuer certificate (_ssl.c:1010), retry in 25s
  ! ALL_VOTES stopped at start=0: gave up after retries
    network error [SSL: CERTIFICATE_VERIFY_FAILED] certificate verify failed: unable to get local issuer certificate (_ssl.c:1010), retry in 5s
    network error [SSL: CERTIFICATE_VERIFY_FAILED] certificate verify failed: unable to get local issuer certificate (_ssl.c:1010), retry in 10s
    network error [SSL: CERTIFICATE_VERIFY_FAILED] certificate verify failed: unable to get local issuer certificate (_ssl.c:1010), retry in 15s
    network error [SSL: CERTIFICATE_VERIFY_FAILED] certificate verify failed: unable to get local issuer certificate (_ssl.c:1010), retry in 20s
    network error [SSL: CERTIFICATE_VERIFY_FAILED] certificate verify failed: unable to get local issuer certificate (_ssl.c:1010), retry in 25s
  ! INSTANT_REPOSTS stopped at start=0: gave up after retries
    network error [SSL: CERTIFICATE_VERIFY_FAILED] certificate verify failed: unable to get local issuer certificate (_ssl.c:1010), retry in 5s
    network error [SSL: CERTIFICATE_VERIFY_FAILED] certificate verify failed: unable to get local issuer certificate (_ssl.c:1010), retry in 10s
    network error [SSL: CERTIFICATE_VERIFY_FAILED] certificate verify failed: unable to get local issuer certificate (_ssl.c:1010), retry in 15s
    network error [SSL: CERTIFICATE_VERIFY_FAILED] certificate verify failed: unable to get local issuer certificate (_ssl.c:1010), retry in 20s
    network error [SSL: CERTIFICATE_VERIFY_FAILED] certificate verify failed: unable to get local issuer certificate (_ssl.c:1010), retry in 25s
  ! RICH_MEDIA stopped at start=0: gave up after retries
== MEMBER_SHARE_INFO
  (not ready — LinkedIn still processing this domain; re-run later)
== ARTICLES
  (not ready — LinkedIn still processing this domain; re-run later)
== ALL_COMMENTS
  (not ready — LinkedIn still processing this domain; re-run later)
== ALL_LIKES
  (not ready — LinkedIn still processing this domain; re-run later)
== ALL_VOTES
  (not ready — LinkedIn still processing this domain; re-run later)
== INSTANT_REPOSTS
  (not ready — LinkedIn still processing this domain; re-run later)
== RICH_MEDIA
  (not ready — LinkedIn still processing this domain; re-run later)

== summary ==
  MEMBER_SHARE_INFO: 0 records
  ARTICLES: 0 records
  ALL_COMMENTS: 0 records
  ALL_LIKES: 0 records
  ALL_VOTES: 0 records
  INSTANT_REPOSTS: 0 records
  RICH_MEDIA: 0 records

Written to /Users/maaretp/Documents/own-code/legacy/archives/linkedin/snapshot/
[poll] not ready yet; sleeping 1200s
[poll 47/72 2026-09-01 09:01] fetching --content domains
    network error [SSL: CERTIFICATE_VERIFY_FAILED] certificate verify failed: unable to get local issuer certificate (_ssl.c:1010), retry in 5s
    network error [SSL: CERTIFICATE_VERIFY_FAILED] certificate verify failed: unable to get local issuer certificate (_ssl.c:1010), retry in 10s
    network error [SSL: CERTIFICATE_VERIFY_FAILED] certificate verify failed: unable to get local issuer certificate (_ssl.c:1010), retry in 15s
    network error [SSL: CERTIFICATE_VERIFY_FAILED] certificate verify failed: unable to get local issuer certificate (_ssl.c:1010), retry in 20s
    network error [SSL: CERTIFICATE_VERIFY_FAILED] certificate verify failed: unable to get local issuer certificate (_ssl.c:1010), retry in 25s
  ! MEMBER_SHARE_INFO stopped at start=0: gave up after retries
    network error [SSL: CERTIFICATE_VERIFY_FAILED] certificate verify failed: unable to get local issuer certificate (_ssl.c:1010), retry in 5s
    network error [SSL: CERTIFICATE_VERIFY_FAILED] certificate verify failed: unable to get local issuer certificate (_ssl.c:1010), retry in 10s
    network error [SSL: CERTIFICATE_VERIFY_FAILED] certificate verify failed: unable to get local issuer certificate (_ssl.c:1010), retry in 15s
    network error [SSL: CERTIFICATE_VERIFY_FAILED] certificate verify failed: unable to get local issuer certificate (_ssl.c:1010), retry in 20s
    network error [SSL: CERTIFICATE_VERIFY_FAILED] certificate verify failed: unable to get local issuer certificate (_ssl.c:1010), retry in 25s
  ! ARTICLES stopped at start=0: gave up after retries
    network error [SSL: CERTIFICATE_VERIFY_FAILED] certificate verify failed: unable to get local issuer certificate (_ssl.c:1010), retry in 5s
    network error [SSL: CERTIFICATE_VERIFY_FAILED] certificate verify failed: unable to get local issuer certificate (_ssl.c:1010), retry in 10s
    network error [SSL: CERTIFICATE_VERIFY_FAILED] certificate verify failed: unable to get local issuer certificate (_ssl.c:1010), retry in 15s
    network error [SSL: CERTIFICATE_VERIFY_FAILED] certificate verify failed: unable to get local issuer certificate (_ssl.c:1010), retry in 20s
    network error [SSL: CERTIFICATE_VERIFY_FAILED] certificate verify failed: unable to get local issuer certificate (_ssl.c:1010), retry in 25s
  ! ALL_COMMENTS stopped at start=0: gave up after retries
    network error [SSL: CERTIFICATE_VERIFY_FAILED] certificate verify failed: unable to get local issuer certificate (_ssl.c:1010), retry in 5s
    network error [SSL: CERTIFICATE_VERIFY_FAILED] certificate verify failed: unable to get local issuer certificate (_ssl.c:1010), retry in 10s
    network error [SSL: CERTIFICATE_VERIFY_FAILED] certificate verify failed: unable to get local issuer certificate (_ssl.c:1010), retry in 15s
    network error [SSL: CERTIFICATE_VERIFY_FAILED] certificate verify failed: unable to get local issuer certificate (_ssl.c:1010), retry in 20s
    network error [SSL: CERTIFICATE_VERIFY_FAILED] certificate verify failed: unable to get local issuer certificate (_ssl.c:1010), retry in 25s
  ! ALL_LIKES stopped at start=0: gave up after retries
    network error [SSL: CERTIFICATE_VERIFY_FAILED] certificate verify failed: unable to get local issuer certificate (_ssl.c:1010), retry in 5s
    network error [SSL: CERTIFICATE_VERIFY_FAILED] certificate verify failed: unable to get local issuer certificate (_ssl.c:1010), retry in 10s
    network error [SSL: CERTIFICATE_VERIFY_FAILED] certificate verify failed: unable to get local issuer certificate (_ssl.c:1010), retry in 15s
    network error [SSL: CERTIFICATE_VERIFY_FAILED] certificate verify failed: unable to get local issuer certificate (_ssl.c:1010), retry in 20s
    network error [SSL: CERTIFICATE_VERIFY_FAILED] certificate verify failed: unable to get local issuer certificate (_ssl.c:1010), retry in 25s
  ! ALL_VOTES stopped at start=0: gave up after retries
    network error [SSL: CERTIFICATE_VERIFY_FAILED] certificate verify failed: unable to get local issuer certificate (_ssl.c:1010), retry in 5s
    network error [SSL: CERTIFICATE_VERIFY_FAILED] certificate verify failed: unable to get local issuer certificate (_ssl.c:1010), retry in 10s
    network error [SSL: CERTIFICATE_VERIFY_FAILED] certificate verify failed: unable to get local issuer certificate (_ssl.c:1010), retry in 15s
    network error [SSL: CERTIFICATE_VERIFY_FAILED] certificate verify failed: unable to get local issuer certificate (_ssl.c:1010), retry in 20s
    network error [SSL: CERTIFICATE_VERIFY_FAILED] certificate verify failed: unable to get local issuer certificate (_ssl.c:1010), retry in 25s
  ! INSTANT_REPOSTS stopped at start=0: gave up after retries
    network error [SSL: CERTIFICATE_VERIFY_FAILED] certificate verify failed: unable to get local issuer certificate (_ssl.c:1010), retry in 5s
    network error [SSL: CERTIFICATE_VERIFY_FAILED] certificate verify failed: unable to get local issuer certificate (_ssl.c:1010), retry in 10s
    network error [SSL: CERTIFICATE_VERIFY_FAILED] certificate verify failed: unable to get local issuer certificate (_ssl.c:1010), retry in 15s
    network error [SSL: CERTIFICATE_VERIFY_FAILED] certificate verify failed: unable to get local issuer certificate (_ssl.c:1010), retry in 20s
    network error [SSL: CERTIFICATE_VERIFY_FAILED] certificate verify failed: unable to get local issuer certificate (_ssl.c:1010), retry in 25s
  ! RICH_MEDIA stopped at start=0: gave up after retries
== MEMBER_SHARE_INFO
  (not ready — LinkedIn still processing this domain; re-run later)
== ARTICLES
  (not ready — LinkedIn still processing this domain; re-run later)
== ALL_COMMENTS
  (not ready — LinkedIn still processing this domain; re-run later)
== ALL_LIKES
  (not ready — LinkedIn still processing this domain; re-run later)
== ALL_VOTES
  (not ready — LinkedIn still processing this domain; re-run later)
== INSTANT_REPOSTS
  (not ready — LinkedIn still processing this domain; re-run later)
== RICH_MEDIA
  (not ready — LinkedIn still processing this domain; re-run later)

== summary ==
  MEMBER_SHARE_INFO: 0 records
  ARTICLES: 0 records
  ALL_COMMENTS: 0 records
  ALL_LIKES: 0 records
  ALL_VOTES: 0 records
  INSTANT_REPOSTS: 0 records
  RICH_MEDIA: 0 records

Written to /Users/maaretp/Documents/own-code/legacy/archives/linkedin/snapshot/
[poll] not ready yet; sleeping 1200s
[poll 48/72 2026-09-01 09:30] fetching --content domains
    network error [SSL: CERTIFICATE_VERIFY_FAILED] certificate verify failed: unable to get local issuer certificate (_ssl.c:1010), retry in 5s
    network error [SSL: CERTIFICATE_VERIFY_FAILED] certificate verify failed: unable to get local issuer certificate (_ssl.c:1010), retry in 10s
    network error [SSL: CERTIFICATE_VERIFY_FAILED] certificate verify failed: unable to get local issuer certificate (_ssl.c:1010), retry in 15s
    network error [SSL: CERTIFICATE_VERIFY_FAILED] certificate verify failed: unable to get local issuer certificate (_ssl.c:1010), retry in 20s
    network error [SSL: CERTIFICATE_VERIFY_FAILED] certificate verify failed: unable to get local issuer certificate (_ssl.c:1010), retry in 25s
  ! MEMBER_SHARE_INFO stopped at start=0: gave up after retries
    network error [SSL: CERTIFICATE_VERIFY_FAILED] certificate verify failed: unable to get local issuer certificate (_ssl.c:1010), retry in 5s
    network error [SSL: CERTIFICATE_VERIFY_FAILED] certificate verify failed: unable to get local issuer certificate (_ssl.c:1010), retry in 10s
    network error [SSL: CERTIFICATE_VERIFY_FAILED] certificate verify failed: unable to get local issuer certificate (_ssl.c:1010), retry in 15s
    network error [SSL: CERTIFICATE_VERIFY_FAILED] certificate verify failed: unable to get local issuer certificate (_ssl.c:1010), retry in 20s
    network error [SSL: CERTIFICATE_VERIFY_FAILED] certificate verify failed: unable to get local issuer certificate (_ssl.c:1010), retry in 25s
  ! ARTICLES stopped at start=0: gave up after retries
    network error [SSL: CERTIFICATE_VERIFY_FAILED] certificate verify failed: unable to get local issuer certificate (_ssl.c:1010), retry in 5s
    network error [SSL: CERTIFICATE_VERIFY_FAILED] certificate verify failed: unable to get local issuer certificate (_ssl.c:1010), retry in 10s
    network error [SSL: CERTIFICATE_VERIFY_FAILED] certificate verify failed: unable to get local issuer certificate (_ssl.c:1010), retry in 15s
    network error [SSL: CERTIFICATE_VERIFY_FAILED] certificate verify failed: unable to get local issuer certificate (_ssl.c:1010), retry in 20s
    network error [SSL: CERTIFICATE_VERIFY_FAILED] certificate verify failed: unable to get local issuer certificate (_ssl.c:1010), retry in 25s
  ! ALL_COMMENTS stopped at start=0: gave up after retries
    network error [SSL: CERTIFICATE_VERIFY_FAILED] certificate verify failed: unable to get local issuer certificate (_ssl.c:1010), retry in 5s
    network error [SSL: CERTIFICATE_VERIFY_FAILED] certificate verify failed: unable to get local issuer certificate (_ssl.c:1010), retry in 10s
    network error [SSL: CERTIFICATE_VERIFY_FAILED] certificate verify failed: unable to get local issuer certificate (_ssl.c:1010), retry in 15s
    network error [SSL: CERTIFICATE_VERIFY_FAILED] certificate verify failed: unable to get local issuer certificate (_ssl.c:1010), retry in 20s
    network error [SSL: CERTIFICATE_VERIFY_FAILED] certificate verify failed: unable to get local issuer certificate (_ssl.c:1010), retry in 25s
  ! ALL_LIKES stopped at start=0: gave up after retries
    network error [SSL: CERTIFICATE_VERIFY_FAILED] certificate verify failed: unable to get local issuer certificate (_ssl.c:1010), retry in 5s
    network error [SSL: CERTIFICATE_VERIFY_FAILED] certificate verify failed: unable to get local issuer certificate (_ssl.c:1010), retry in 10s
    network error [SSL: CERTIFICATE_VERIFY_FAILED] certificate verify failed: unable to get local issuer certificate (_ssl.c:1010), retry in 15s
    network error [SSL: CERTIFICATE_VERIFY_FAILED] certificate verify failed: unable to get local issuer certificate (_ssl.c:1010), retry in 20s
    network error [SSL: CERTIFICATE_VERIFY_FAILED] certificate verify failed: unable to get local issuer certificate (_ssl.c:1010), retry in 25s
  ! ALL_VOTES stopped at start=0: gave up after retries
    network error [SSL: CERTIFICATE_VERIFY_FAILED] certificate verify failed: unable to get local issuer certificate (_ssl.c:1010), retry in 5s
    network error [SSL: CERTIFICATE_VERIFY_FAILED] certificate verify failed: unable to get local issuer certificate (_ssl.c:1010), retry in 10s
    network error [SSL: CERTIFICATE_VERIFY_FAILED] certificate verify failed: unable to get local issuer certificate (_ssl.c:1010), retry in 15s
    network error [SSL: CERTIFICATE_VERIFY_FAILED] certificate verify failed: unable to get local issuer certificate (_ssl.c:1010), retry in 20s
    network error [SSL: CERTIFICATE_VERIFY_FAILED] certificate verify failed: unable to get local issuer certificate (_ssl.c:1010), retry in 25s
  ! INSTANT_REPOSTS stopped at start=0: gave up after retries
    network error [SSL: CERTIFICATE_VERIFY_FAILED] certificate verify failed: unable to get local issuer certificate (_ssl.c:1010), retry in 5s
    network error [SSL: CERTIFICATE_VERIFY_FAILED] certificate verify failed: unable to get local issuer certificate (_ssl.c:1010), retry in 10s
    network error [SSL: CERTIFICATE_VERIFY_FAILED] certificate verify failed: unable to get local issuer certificate (_ssl.c:1010), retry in 15s
    network error [SSL: CERTIFICATE_VERIFY_FAILED] certificate verify failed: unable to get local issuer certificate (_ssl.c:1010), retry in 20s
    network error [SSL: CERTIFICATE_VERIFY_FAILED] certificate verify failed: unable to get local issuer certificate (_ssl.c:1010), retry in 25s
  ! RICH_MEDIA stopped at start=0: gave up after retries
== MEMBER_SHARE_INFO
  (not ready — LinkedIn still processing this domain; re-run later)
== ARTICLES
  (not ready — LinkedIn still processing this domain; re-run later)
== ALL_COMMENTS
  (not ready — LinkedIn still processing this domain; re-run later)
== ALL_LIKES
  (not ready — LinkedIn still processing this domain; re-run later)
== ALL_VOTES
  (not ready — LinkedIn still processing this domain; re-run later)
== INSTANT_REPOSTS
  (not ready — LinkedIn still processing this domain; re-run later)
== RICH_MEDIA
  (not ready — LinkedIn still processing this domain; re-run later)

== summary ==
  MEMBER_SHARE_INFO: 0 records
  ARTICLES: 0 records
  ALL_COMMENTS: 0 records
  ALL_LIKES: 0 records
  ALL_VOTES: 0 records
  INSTANT_REPOSTS: 0 records
  RICH_MEDIA: 0 records

Written to /Users/maaretp/Documents/own-code/legacy/archives/linkedin/snapshot/
[poll] not ready yet; sleeping 1200s
[poll 49/72 2026-09-01 09:59] fetching --content domains
    network error [SSL: CERTIFICATE_VERIFY_FAILED] certificate verify failed: unable to get local issuer certificate (_ssl.c:1010), retry in 5s
    network error [SSL: CERTIFICATE_VERIFY_FAILED] certificate verify failed: unable to get local issuer certificate (_ssl.c:1010), retry in 10s
    network error [SSL: CERTIFICATE_VERIFY_FAILED] certificate verify failed: unable to get local issuer certificate (_ssl.c:1010), retry in 15s
    network error [SSL: CERTIFICATE_VERIFY_FAILED] certificate verify failed: unable to get local issuer certificate (_ssl.c:1010), retry in 20s
    network error [SSL: CERTIFICATE_VERIFY_FAILED] certificate verify failed: unable to get local issuer certificate (_ssl.c:1010), retry in 25s
  ! MEMBER_SHARE_INFO stopped at start=0: gave up after retries
    network error [SSL: CERTIFICATE_VERIFY_FAILED] certificate verify failed: unable to get local issuer certificate (_ssl.c:1010), retry in 5s
    network error [SSL: CERTIFICATE_VERIFY_FAILED] certificate verify failed: unable to get local issuer certificate (_ssl.c:1010), retry in 10s
    network error [SSL: CERTIFICATE_VERIFY_FAILED] certificate verify failed: unable to get local issuer certificate (_ssl.c:1010), retry in 15s
    network error [SSL: CERTIFICATE_VERIFY_FAILED] certificate verify failed: unable to get local issuer certificate (_ssl.c:1010), retry in 20s
    network error [SSL: CERTIFICATE_VERIFY_FAILED] certificate verify failed: unable to get local issuer certificate (_ssl.c:1010), retry in 25s
  ! ARTICLES stopped at start=0: gave up after retries
    network error [SSL: CERTIFICATE_VERIFY_FAILED] certificate verify failed: unable to get local issuer certificate (_ssl.c:1010), retry in 5s
    network error [SSL: CERTIFICATE_VERIFY_FAILED] certificate verify failed: unable to get local issuer certificate (_ssl.c:1010), retry in 10s
    network error [SSL: CERTIFICATE_VERIFY_FAILED] certificate verify failed: unable to get local issuer certificate (_ssl.c:1010), retry in 15s
    network error [SSL: CERTIFICATE_VERIFY_FAILED] certificate verify failed: unable to get local issuer certificate (_ssl.c:1010), retry in 20s
    network error [SSL: CERTIFICATE_VERIFY_FAILED] certificate verify failed: unable to get local issuer certificate (_ssl.c:1010), retry in 25s
  ! ALL_COMMENTS stopped at start=0: gave up after retries
    network error [SSL: CERTIFICATE_VERIFY_FAILED] certificate verify failed: unable to get local issuer certificate (_ssl.c:1010), retry in 5s
    network error [SSL: CERTIFICATE_VERIFY_FAILED] certificate verify failed: unable to get local issuer certificate (_ssl.c:1010), retry in 10s
    network error [SSL: CERTIFICATE_VERIFY_FAILED] certificate verify failed: unable to get local issuer certificate (_ssl.c:1010), retry in 15s
    network error [SSL: CERTIFICATE_VERIFY_FAILED] certificate verify failed: unable to get local issuer certificate (_ssl.c:1010), retry in 20s
    network error [SSL: CERTIFICATE_VERIFY_FAILED] certificate verify failed: unable to get local issuer certificate (_ssl.c:1010), retry in 25s
  ! ALL_LIKES stopped at start=0: gave up after retries
    network error [SSL: CERTIFICATE_VERIFY_FAILED] certificate verify failed: unable to get local issuer certificate (_ssl.c:1010), retry in 5s
    network error [SSL: CERTIFICATE_VERIFY_FAILED] certificate verify failed: unable to get local issuer certificate (_ssl.c:1010), retry in 10s
    network error [SSL: CERTIFICATE_VERIFY_FAILED] certificate verify failed: unable to get local issuer certificate (_ssl.c:1010), retry in 15s
    network error [SSL: CERTIFICATE_VERIFY_FAILED] certificate verify failed: unable to get local issuer certificate (_ssl.c:1010), retry in 20s
    network error [SSL: CERTIFICATE_VERIFY_FAILED] certificate verify failed: unable to get local issuer certificate (_ssl.c:1010), retry in 25s
  ! ALL_VOTES stopped at start=0: gave up after retries
    network error [SSL: CERTIFICATE_VERIFY_FAILED] certificate verify failed: unable to get local issuer certificate (_ssl.c:1010), retry in 5s
    network error [SSL: CERTIFICATE_VERIFY_FAILED] certificate verify failed: unable to get local issuer certificate (_ssl.c:1010), retry in 10s
    network error [SSL: CERTIFICATE_VERIFY_FAILED] certificate verify failed: unable to get local issuer certificate (_ssl.c:1010), retry in 15s
    network error [SSL: CERTIFICATE_VERIFY_FAILED] certificate verify failed: unable to get local issuer certificate (_ssl.c:1010), retry in 20s
    network error [SSL: CERTIFICATE_VERIFY_FAILED] certificate verify failed: unable to get local issuer certificate (_ssl.c:1010), retry in 25s
  ! INSTANT_REPOSTS stopped at start=0: gave up after retries
    network error [SSL: CERTIFICATE_VERIFY_FAILED] certificate verify failed: unable to get local issuer certificate (_ssl.c:1010), retry in 5s
    network error [SSL: CERTIFICATE_VERIFY_FAILED] certificate verify failed: unable to get local issuer certificate (_ssl.c:1010), retry in 10s
    network error [SSL: CERTIFICATE_VERIFY_FAILED] certificate verify failed: unable to get local issuer certificate (_ssl.c:1010), retry in 15s
    network error [SSL: CERTIFICATE_VERIFY_FAILED] certificate verify failed: unable to get local issuer certificate (_ssl.c:1010), retry in 20s
    network error [SSL: CERTIFICATE_VERIFY_FAILED] certificate verify failed: unable to get local issuer certificate (_ssl.c:1010), retry in 25s
  ! RICH_MEDIA stopped at start=0: gave up after retries
== MEMBER_SHARE_INFO
  (not ready — LinkedIn still processing this domain; re-run later)
== ARTICLES
  (not ready — LinkedIn still processing this domain; re-run later)
== ALL_COMMENTS
  (not ready — LinkedIn still processing this domain; re-run later)
== ALL_LIKES
  (not ready — LinkedIn still processing this domain; re-run later)
== ALL_VOTES
  (not ready — LinkedIn still processing this domain; re-run later)
== INSTANT_REPOSTS
  (not ready — LinkedIn still processing this domain; re-run later)
== RICH_MEDIA
  (not ready — LinkedIn still processing this domain; re-run later)

== summary ==
  MEMBER_SHARE_INFO: 0 records
  ARTICLES: 0 records
  ALL_COMMENTS: 0 records
  ALL_LIKES: 0 records
  ALL_VOTES: 0 records
  INSTANT_REPOSTS: 0 records
  RICH_MEDIA: 0 records

Written to /Users/maaretp/Documents/own-code/legacy/archives/linkedin/snapshot/
[poll] not ready yet; sleeping 1200s
[poll 50/72 2026-09-01 10:28] fetching --content domains
    network error [SSL: CERTIFICATE_VERIFY_FAILED] certificate verify failed: unable to get local issuer certificate (_ssl.c:1010), retry in 5s
    network error [SSL: CERTIFICATE_VERIFY_FAILED] certificate verify failed: unable to get local issuer certificate (_ssl.c:1010), retry in 10s
    network error [SSL: CERTIFICATE_VERIFY_FAILED] certificate verify failed: unable to get local issuer certificate (_ssl.c:1010), retry in 15s
    network error [SSL: CERTIFICATE_VERIFY_FAILED] certificate verify failed: unable to get local issuer certificate (_ssl.c:1010), retry in 20s
    network error [SSL: CERTIFICATE_VERIFY_FAILED] certificate verify failed: unable to get local issuer certificate (_ssl.c:1010), retry in 25s
  ! MEMBER_SHARE_INFO stopped at start=0: gave up after retries
    network error [SSL: CERTIFICATE_VERIFY_FAILED] certificate verify failed: unable to get local issuer certificate (_ssl.c:1010), retry in 5s
    network error [SSL: CERTIFICATE_VERIFY_FAILED] certificate verify failed: unable to get local issuer certificate (_ssl.c:1010), retry in 10s
    network error [SSL: CERTIFICATE_VERIFY_FAILED] certificate verify failed: unable to get local issuer certificate (_ssl.c:1010), retry in 15s
    network error [SSL: CERTIFICATE_VERIFY_FAILED] certificate verify failed: unable to get local issuer certificate (_ssl.c:1010), retry in 20s
    network error [SSL: CERTIFICATE_VERIFY_FAILED] certificate verify failed: unable to get local issuer certificate (_ssl.c:1010), retry in 25s
  ! ARTICLES stopped at start=0: gave up after retries
    network error [SSL: CERTIFICATE_VERIFY_FAILED] certificate verify failed: unable to get local issuer certificate (_ssl.c:1010), retry in 5s
    network error [SSL: CERTIFICATE_VERIFY_FAILED] certificate verify failed: unable to get local issuer certificate (_ssl.c:1010), retry in 10s
    network error [SSL: CERTIFICATE_VERIFY_FAILED] certificate verify failed: unable to get local issuer certificate (_ssl.c:1010), retry in 15s
    network error [SSL: CERTIFICATE_VERIFY_FAILED] certificate verify failed: unable to get local issuer certificate (_ssl.c:1010), retry in 20s
    network error [SSL: CERTIFICATE_VERIFY_FAILED] certificate verify failed: unable to get local issuer certificate (_ssl.c:1010), retry in 25s
  ! ALL_COMMENTS stopped at start=0: gave up after retries
    network error [SSL: CERTIFICATE_VERIFY_FAILED] certificate verify failed: unable to get local issuer certificate (_ssl.c:1010), retry in 5s
    network error [SSL: CERTIFICATE_VERIFY_FAILED] certificate verify failed: unable to get local issuer certificate (_ssl.c:1010), retry in 10s
    network error [SSL: CERTIFICATE_VERIFY_FAILED] certificate verify failed: unable to get local issuer certificate (_ssl.c:1010), retry in 15s
    network error [SSL: CERTIFICATE_VERIFY_FAILED] certificate verify failed: unable to get local issuer certificate (_ssl.c:1010), retry in 20s
    network error [SSL: CERTIFICATE_VERIFY_FAILED] certificate verify failed: unable to get local issuer certificate (_ssl.c:1010), retry in 25s
  ! ALL_LIKES stopped at start=0: gave up after retries
    network error [SSL: CERTIFICATE_VERIFY_FAILED] certificate verify failed: unable to get local issuer certificate (_ssl.c:1010), retry in 5s
    network error [SSL: CERTIFICATE_VERIFY_FAILED] certificate verify failed: unable to get local issuer certificate (_ssl.c:1010), retry in 10s
    network error [SSL: CERTIFICATE_VERIFY_FAILED] certificate verify failed: unable to get local issuer certificate (_ssl.c:1010), retry in 15s
    network error [SSL: CERTIFICATE_VERIFY_FAILED] certificate verify failed: unable to get local issuer certificate (_ssl.c:1010), retry in 20s
    network error [SSL: CERTIFICATE_VERIFY_FAILED] certificate verify failed: unable to get local issuer certificate (_ssl.c:1010), retry in 25s
  ! ALL_VOTES stopped at start=0: gave up after retries
    network error [SSL: CERTIFICATE_VERIFY_FAILED] certificate verify failed: unable to get local issuer certificate (_ssl.c:1010), retry in 5s
    network error [SSL: CERTIFICATE_VERIFY_FAILED] certificate verify failed: unable to get local issuer certificate (_ssl.c:1010), retry in 10s
    network error [SSL: CERTIFICATE_VERIFY_FAILED] certificate verify failed: unable to get local issuer certificate (_ssl.c:1010), retry in 15s
    network error [SSL: CERTIFICATE_VERIFY_FAILED] certificate verify failed: unable to get local issuer certificate (_ssl.c:1010), retry in 20s
    network error [SSL: CERTIFICATE_VERIFY_FAILED] certificate verify failed: unable to get local issuer certificate (_ssl.c:1010), retry in 25s
  ! INSTANT_REPOSTS stopped at start=0: gave up after retries
    network error [SSL: CERTIFICATE_VERIFY_FAILED] certificate verify failed: unable to get local issuer certificate (_ssl.c:1010), retry in 5s
    network error [SSL: CERTIFICATE_VERIFY_FAILED] certificate verify failed: unable to get local issuer certificate (_ssl.c:1010), retry in 10s
    network error [SSL: CERTIFICATE_VERIFY_FAILED] certificate verify failed: unable to get local issuer certificate (_ssl.c:1010), retry in 15s
    network error [SSL: CERTIFICATE_VERIFY_FAILED] certificate verify failed: unable to get local issuer certificate (_ssl.c:1010), retry in 20s
    network error [SSL: CERTIFICATE_VERIFY_FAILED] certificate verify failed: unable to get local issuer certificate (_ssl.c:1010), retry in 25s
  ! RICH_MEDIA stopped at start=0: gave up after retries
== MEMBER_SHARE_INFO
  (not ready — LinkedIn still processing this domain; re-run later)
== ARTICLES
  (not ready — LinkedIn still processing this domain; re-run later)
== ALL_COMMENTS
  (not ready — LinkedIn still processing this domain; re-run later)
== ALL_LIKES
  (not ready — LinkedIn still processing this domain; re-run later)
== ALL_VOTES
  (not ready — LinkedIn still processing this domain; re-run later)
== INSTANT_REPOSTS
  (not ready — LinkedIn still processing this domain; re-run later)
== RICH_MEDIA
  (not ready — LinkedIn still processing this domain; re-run later)

== summary ==
  MEMBER_SHARE_INFO: 0 records
  ARTICLES: 0 records
  ALL_COMMENTS: 0 records
  ALL_LIKES: 0 records
  ALL_VOTES: 0 records
  INSTANT_REPOSTS: 0 records
  RICH_MEDIA: 0 records

Written to /Users/maaretp/Documents/own-code/legacy/archives/linkedin/snapshot/
[poll] not ready yet; sleeping 1200s
[poll 51/72 2026-09-01 10:57] fetching --content domains
    network error [SSL: CERTIFICATE_VERIFY_FAILED] certificate verify failed: unable to get local issuer certificate (_ssl.c:1010), retry in 5s
    network error [SSL: CERTIFICATE_VERIFY_FAILED] certificate verify failed: unable to get local issuer certificate (_ssl.c:1010), retry in 10s
    network error [SSL: CERTIFICATE_VERIFY_FAILED] certificate verify failed: unable to get local issuer certificate (_ssl.c:1010), retry in 15s
    network error [SSL: CERTIFICATE_VERIFY_FAILED] certificate verify failed: unable to get local issuer certificate (_ssl.c:1010), retry in 20s
    network error [SSL: CERTIFICATE_VERIFY_FAILED] certificate verify failed: unable to get local issuer certificate (_ssl.c:1010), retry in 25s
  ! MEMBER_SHARE_INFO stopped at start=0: gave up after retries
    network error [SSL: CERTIFICATE_VERIFY_FAILED] certificate verify failed: unable to get local issuer certificate (_ssl.c:1010), retry in 5s
    network error [SSL: CERTIFICATE_VERIFY_FAILED] certificate verify failed: unable to get local issuer certificate (_ssl.c:1010), retry in 10s
    network error [SSL: CERTIFICATE_VERIFY_FAILED] certificate verify failed: unable to get local issuer certificate (_ssl.c:1010), retry in 15s
    network error [SSL: CERTIFICATE_VERIFY_FAILED] certificate verify failed: unable to get local issuer certificate (_ssl.c:1010), retry in 20s
    network error [SSL: CERTIFICATE_VERIFY_FAILED] certificate verify failed: unable to get local issuer certificate (_ssl.c:1010), retry in 25s
  ! ARTICLES stopped at start=0: gave up after retries
    network error [SSL: CERTIFICATE_VERIFY_FAILED] certificate verify failed: unable to get local issuer certificate (_ssl.c:1010), retry in 5s
    network error [SSL: CERTIFICATE_VERIFY_FAILED] certificate verify failed: unable to get local issuer certificate (_ssl.c:1010), retry in 10s
    network error [SSL: CERTIFICATE_VERIFY_FAILED] certificate verify failed: unable to get local issuer certificate (_ssl.c:1010), retry in 15s
    network error [SSL: CERTIFICATE_VERIFY_FAILED] certificate verify failed: unable to get local issuer certificate (_ssl.c:1010), retry in 20s
    network error [SSL: CERTIFICATE_VERIFY_FAILED] certificate verify failed: unable to get local issuer certificate (_ssl.c:1010), retry in 25s
  ! ALL_COMMENTS stopped at start=0: gave up after retries
    network error [SSL: CERTIFICATE_VERIFY_FAILED] certificate verify failed: unable to get local issuer certificate (_ssl.c:1010), retry in 5s
    network error [SSL: CERTIFICATE_VERIFY_FAILED] certificate verify failed: unable to get local issuer certificate (_ssl.c:1010), retry in 10s
    network error [SSL: CERTIFICATE_VERIFY_FAILED] certificate verify failed: unable to get local issuer certificate (_ssl.c:1010), retry in 15s
    network error [SSL: CERTIFICATE_VERIFY_FAILED] certificate verify failed: unable to get local issuer certificate (_ssl.c:1010), retry in 20s
    network error [SSL: CERTIFICATE_VERIFY_FAILED] certificate verify failed: unable to get local issuer certificate (_ssl.c:1010), retry in 25s
  ! ALL_LIKES stopped at start=0: gave up after retries
    network error [SSL: CERTIFICATE_VERIFY_FAILED] certificate verify failed: unable to get local issuer certificate (_ssl.c:1010), retry in 5s
    network error [SSL: CERTIFICATE_VERIFY_FAILED] certificate verify failed: unable to get local issuer certificate (_ssl.c:1010), retry in 10s
    network error [SSL: CERTIFICATE_VERIFY_FAILED] certificate verify failed: unable to get local issuer certificate (_ssl.c:1010), retry in 15s
    network error [SSL: CERTIFICATE_VERIFY_FAILED] certificate verify failed: unable to get local issuer certificate (_ssl.c:1010), retry in 20s
    network error [SSL: CERTIFICATE_VERIFY_FAILED] certificate verify failed: unable to get local issuer certificate (_ssl.c:1010), retry in 25s
  ! ALL_VOTES stopped at start=0: gave up after retries
    network error [SSL: CERTIFICATE_VERIFY_FAILED] certificate verify failed: unable to get local issuer certificate (_ssl.c:1010), retry in 5s
    network error [SSL: CERTIFICATE_VERIFY_FAILED] certificate verify failed: unable to get local issuer certificate (_ssl.c:1010), retry in 10s
    network error [SSL: CERTIFICATE_VERIFY_FAILED] certificate verify failed: unable to get local issuer certificate (_ssl.c:1010), retry in 15s
    network error [SSL: CERTIFICATE_VERIFY_FAILED] certificate verify failed: unable to get local issuer certificate (_ssl.c:1010), retry in 20s
    network error [SSL: CERTIFICATE_VERIFY_FAILED] certificate verify failed: unable to get local issuer certificate (_ssl.c:1010), retry in 25s
  ! INSTANT_REPOSTS stopped at start=0: gave up after retries
    network error [SSL: CERTIFICATE_VERIFY_FAILED] certificate verify failed: unable to get local issuer certificate (_ssl.c:1010), retry in 5s
    network error [SSL: CERTIFICATE_VERIFY_FAILED] certificate verify failed: unable to get local issuer certificate (_ssl.c:1010), retry in 10s
    network error [SSL: CERTIFICATE_VERIFY_FAILED] certificate verify failed: unable to get local issuer certificate (_ssl.c:1010), retry in 15s
    network error [SSL: CERTIFICATE_VERIFY_FAILED] certificate verify failed: unable to get local issuer certificate (_ssl.c:1010), retry in 20s
    network error [SSL: CERTIFICATE_VERIFY_FAILED] certificate verify failed: unable to get local issuer certificate (_ssl.c:1010), retry in 25s
  ! RICH_MEDIA stopped at start=0: gave up after retries
== MEMBER_SHARE_INFO
  (not ready — LinkedIn still processing this domain; re-run later)
== ARTICLES
  (not ready — LinkedIn still processing this domain; re-run later)
== ALL_COMMENTS
  (not ready — LinkedIn still processing this domain; re-run later)
== ALL_LIKES
  (not ready — LinkedIn still processing this domain; re-run later)
== ALL_VOTES
  (not ready — LinkedIn still processing this domain; re-run later)
== INSTANT_REPOSTS
  (not ready — LinkedIn still processing this domain; re-run later)
== RICH_MEDIA
  (not ready — LinkedIn still processing this domain; re-run later)

== summary ==
  MEMBER_SHARE_INFO: 0 records
  ARTICLES: 0 records
  ALL_COMMENTS: 0 records
  ALL_LIKES: 0 records
  ALL_VOTES: 0 records
  INSTANT_REPOSTS: 0 records
  RICH_MEDIA: 0 records

Written to /Users/maaretp/Documents/own-code/legacy/archives/linkedin/snapshot/
[poll] not ready yet; sleeping 1200s
[poll 52/72 2026-09-01 11:27] fetching --content domains
    network error [SSL: CERTIFICATE_VERIFY_FAILED] certificate verify failed: unable to get local issuer certificate (_ssl.c:1010), retry in 5s
    network error [SSL: CERTIFICATE_VERIFY_FAILED] certificate verify failed: unable to get local issuer certificate (_ssl.c:1010), retry in 10s
    network error [SSL: CERTIFICATE_VERIFY_FAILED] certificate verify failed: unable to get local issuer certificate (_ssl.c:1010), retry in 15s
    network error [SSL: CERTIFICATE_VERIFY_FAILED] certificate verify failed: unable to get local issuer certificate (_ssl.c:1010), retry in 20s
    network error [SSL: CERTIFICATE_VERIFY_FAILED] certificate verify failed: unable to get local issuer certificate (_ssl.c:1010), retry in 25s
  ! MEMBER_SHARE_INFO stopped at start=0: gave up after retries
    network error [SSL: CERTIFICATE_VERIFY_FAILED] certificate verify failed: unable to get local issuer certificate (_ssl.c:1010), retry in 5s
    network error [SSL: CERTIFICATE_VERIFY_FAILED] certificate verify failed: unable to get local issuer certificate (_ssl.c:1010), retry in 10s
    network error [SSL: CERTIFICATE_VERIFY_FAILED] certificate verify failed: unable to get local issuer certificate (_ssl.c:1010), retry in 15s
    network error [SSL: CERTIFICATE_VERIFY_FAILED] certificate verify failed: unable to get local issuer certificate (_ssl.c:1010), retry in 20s
    network error [SSL: CERTIFICATE_VERIFY_FAILED] certificate verify failed: unable to get local issuer certificate (_ssl.c:1010), retry in 25s
  ! ARTICLES stopped at start=0: gave up after retries
    network error [SSL: CERTIFICATE_VERIFY_FAILED] certificate verify failed: unable to get local issuer certificate (_ssl.c:1010), retry in 5s
    network error [SSL: CERTIFICATE_VERIFY_FAILED] certificate verify failed: unable to get local issuer certificate (_ssl.c:1010), retry in 10s
    network error [SSL: CERTIFICATE_VERIFY_FAILED] certificate verify failed: unable to get local issuer certificate (_ssl.c:1010), retry in 15s
    network error [SSL: CERTIFICATE_VERIFY_FAILED] certificate verify failed: unable to get local issuer certificate (_ssl.c:1010), retry in 20s
    network error [SSL: CERTIFICATE_VERIFY_FAILED] certificate verify failed: unable to get local issuer certificate (_ssl.c:1010), retry in 25s
  ! ALL_COMMENTS stopped at start=0: gave up after retries
    network error [SSL: CERTIFICATE_VERIFY_FAILED] certificate verify failed: unable to get local issuer certificate (_ssl.c:1010), retry in 5s
    network error [SSL: CERTIFICATE_VERIFY_FAILED] certificate verify failed: unable to get local issuer certificate (_ssl.c:1010), retry in 10s
    network error [SSL: CERTIFICATE_VERIFY_FAILED] certificate verify failed: unable to get local issuer certificate (_ssl.c:1010), retry in 15s
    network error [SSL: CERTIFICATE_VERIFY_FAILED] certificate verify failed: unable to get local issuer certificate (_ssl.c:1010), retry in 20s
    network error [SSL: CERTIFICATE_VERIFY_FAILED] certificate verify failed: unable to get local issuer certificate (_ssl.c:1010), retry in 25s
  ! ALL_LIKES stopped at start=0: gave up after retries
    network error [SSL: CERTIFICATE_VERIFY_FAILED] certificate verify failed: unable to get local issuer certificate (_ssl.c:1010), retry in 5s
    network error [SSL: CERTIFICATE_VERIFY_FAILED] certificate verify failed: unable to get local issuer certificate (_ssl.c:1010), retry in 10s
    network error [SSL: CERTIFICATE_VERIFY_FAILED] certificate verify failed: unable to get local issuer certificate (_ssl.c:1010), retry in 15s
    network error [SSL: CERTIFICATE_VERIFY_FAILED] certificate verify failed: unable to get local issuer certificate (_ssl.c:1010), retry in 20s
    network error [SSL: CERTIFICATE_VERIFY_FAILED] certificate verify failed: unable to get local issuer certificate (_ssl.c:1010), retry in 25s
  ! ALL_VOTES stopped at start=0: gave up after retries
    network error [SSL: CERTIFICATE_VERIFY_FAILED] certificate verify failed: unable to get local issuer certificate (_ssl.c:1010), retry in 5s
    network error [SSL: CERTIFICATE_VERIFY_FAILED] certificate verify failed: unable to get local issuer certificate (_ssl.c:1010), retry in 10s
    network error [SSL: CERTIFICATE_VERIFY_FAILED] certificate verify failed: unable to get local issuer certificate (_ssl.c:1010), retry in 15s
    network error [SSL: CERTIFICATE_VERIFY_FAILED] certificate verify failed: unable to get local issuer certificate (_ssl.c:1010), retry in 20s
    network error [SSL: CERTIFICATE_VERIFY_FAILED] certificate verify failed: unable to get local issuer certificate (_ssl.c:1010), retry in 25s
  ! INSTANT_REPOSTS stopped at start=0: gave up after retries
    network error [SSL: CERTIFICATE_VERIFY_FAILED] certificate verify failed: unable to get local issuer certificate (_ssl.c:1010), retry in 5s
    network error [SSL: CERTIFICATE_VERIFY_FAILED] certificate verify failed: unable to get local issuer certificate (_ssl.c:1010), retry in 10s
    network error [SSL: CERTIFICATE_VERIFY_FAILED] certificate verify failed: unable to get local issuer certificate (_ssl.c:1010), retry in 15s
    network error [SSL: CERTIFICATE_VERIFY_FAILED] certificate verify failed: unable to get local issuer certificate (_ssl.c:1010), retry in 20s
    network error [SSL: CERTIFICATE_VERIFY_FAILED] certificate verify failed: unable to get local issuer certificate (_ssl.c:1010), retry in 25s
  ! RICH_MEDIA stopped at start=0: gave up after retries
== MEMBER_SHARE_INFO
  (not ready — LinkedIn still processing this domain; re-run later)
== ARTICLES
  (not ready — LinkedIn still processing this domain; re-run later)
== ALL_COMMENTS
  (not ready — LinkedIn still processing this domain; re-run later)
== ALL_LIKES
  (not ready — LinkedIn still processing this domain; re-run later)
== ALL_VOTES
  (not ready — LinkedIn still processing this domain; re-run later)
== INSTANT_REPOSTS
  (not ready — LinkedIn still processing this domain; re-run later)
== RICH_MEDIA
  (not ready — LinkedIn still processing this domain; re-run later)

== summary ==
  MEMBER_SHARE_INFO: 0 records
  ARTICLES: 0 records
  ALL_COMMENTS: 0 records
  ALL_LIKES: 0 records
  ALL_VOTES: 0 records
  INSTANT_REPOSTS: 0 records
  RICH_MEDIA: 0 records

Written to /Users/maaretp/Documents/own-code/legacy/archives/linkedin/snapshot/
[poll] not ready yet; sleeping 1200s
[poll 53/72 2026-09-01 11:56] fetching --content domains
    network error [SSL: CERTIFICATE_VERIFY_FAILED] certificate verify failed: unable to get local issuer certificate (_ssl.c:1010), retry in 5s
    network error [SSL: CERTIFICATE_VERIFY_FAILED] certificate verify failed: unable to get local issuer certificate (_ssl.c:1010), retry in 10s
    network error [SSL: CERTIFICATE_VERIFY_FAILED] certificate verify failed: unable to get local issuer certificate (_ssl.c:1010), retry in 15s
    network error [SSL: CERTIFICATE_VERIFY_FAILED] certificate verify failed: unable to get local issuer certificate (_ssl.c:1010), retry in 20s
    network error [SSL: CERTIFICATE_VERIFY_FAILED] certificate verify failed: unable to get local issuer certificate (_ssl.c:1010), retry in 25s
  ! MEMBER_SHARE_INFO stopped at start=0: gave up after retries
    network error [SSL: CERTIFICATE_VERIFY_FAILED] certificate verify failed: unable to get local issuer certificate (_ssl.c:1010), retry in 5s
    network error [SSL: CERTIFICATE_VERIFY_FAILED] certificate verify failed: unable to get local issuer certificate (_ssl.c:1010), retry in 10s
    network error [SSL: CERTIFICATE_VERIFY_FAILED] certificate verify failed: unable to get local issuer certificate (_ssl.c:1010), retry in 15s
    network error [SSL: CERTIFICATE_VERIFY_FAILED] certificate verify failed: unable to get local issuer certificate (_ssl.c:1010), retry in 20s
    network error [SSL: CERTIFICATE_VERIFY_FAILED] certificate verify failed: unable to get local issuer certificate (_ssl.c:1010), retry in 25s
  ! ARTICLES stopped at start=0: gave up after retries
    network error [SSL: CERTIFICATE_VERIFY_FAILED] certificate verify failed: unable to get local issuer certificate (_ssl.c:1010), retry in 5s
    network error [SSL: CERTIFICATE_VERIFY_FAILED] certificate verify failed: unable to get local issuer certificate (_ssl.c:1010), retry in 10s
    network error [SSL: CERTIFICATE_VERIFY_FAILED] certificate verify failed: unable to get local issuer certificate (_ssl.c:1010), retry in 15s
    network error [SSL: CERTIFICATE_VERIFY_FAILED] certificate verify failed: unable to get local issuer certificate (_ssl.c:1010), retry in 20s
    network error [SSL: CERTIFICATE_VERIFY_FAILED] certificate verify failed: unable to get local issuer certificate (_ssl.c:1010), retry in 25s
  ! ALL_COMMENTS stopped at start=0: gave up after retries
    network error [SSL: CERTIFICATE_VERIFY_FAILED] certificate verify failed: unable to get local issuer certificate (_ssl.c:1010), retry in 5s
    network error [SSL: CERTIFICATE_VERIFY_FAILED] certificate verify failed: unable to get local issuer certificate (_ssl.c:1010), retry in 10s
    network error [SSL: CERTIFICATE_VERIFY_FAILED] certificate verify failed: unable to get local issuer certificate (_ssl.c:1010), retry in 15s
    network error [SSL: CERTIFICATE_VERIFY_FAILED] certificate verify failed: unable to get local issuer certificate (_ssl.c:1010), retry in 20s
    network error [SSL: CERTIFICATE_VERIFY_FAILED] certificate verify failed: unable to get local issuer certificate (_ssl.c:1010), retry in 25s
  ! ALL_LIKES stopped at start=0: gave up after retries
    network error [SSL: CERTIFICATE_VERIFY_FAILED] certificate verify failed: unable to get local issuer certificate (_ssl.c:1010), retry in 5s
    network error [SSL: CERTIFICATE_VERIFY_FAILED] certificate verify failed: unable to get local issuer certificate (_ssl.c:1010), retry in 10s
    network error [SSL: CERTIFICATE_VERIFY_FAILED] certificate verify failed: unable to get local issuer certificate (_ssl.c:1010), retry in 15s
    network error [SSL: CERTIFICATE_VERIFY_FAILED] certificate verify failed: unable to get local issuer certificate (_ssl.c:1010), retry in 20s
    network error [SSL: CERTIFICATE_VERIFY_FAILED] certificate verify failed: unable to get local issuer certificate (_ssl.c:1010), retry in 25s
  ! ALL_VOTES stopped at start=0: gave up after retries
    network error [SSL: CERTIFICATE_VERIFY_FAILED] certificate verify failed: unable to get local issuer certificate (_ssl.c:1010), retry in 5s
    network error [SSL: CERTIFICATE_VERIFY_FAILED] certificate verify failed: unable to get local issuer certificate (_ssl.c:1010), retry in 10s
    network error [SSL: CERTIFICATE_VERIFY_FAILED] certificate verify failed: unable to get local issuer certificate (_ssl.c:1010), retry in 15s
    network error [SSL: CERTIFICATE_VERIFY_FAILED] certificate verify failed: unable to get local issuer certificate (_ssl.c:1010), retry in 20s
    network error [SSL: CERTIFICATE_VERIFY_FAILED] certificate verify failed: unable to get local issuer certificate (_ssl.c:1010), retry in 25s
  ! INSTANT_REPOSTS stopped at start=0: gave up after retries
    network error [SSL: CERTIFICATE_VERIFY_FAILED] certificate verify failed: unable to get local issuer certificate (_ssl.c:1010), retry in 5s
    network error [SSL: CERTIFICATE_VERIFY_FAILED] certificate verify failed: unable to get local issuer certificate (_ssl.c:1010), retry in 10s
    network error [SSL: CERTIFICATE_VERIFY_FAILED] certificate verify failed: unable to get local issuer certificate (_ssl.c:1010), retry in 15s
    network error [SSL: CERTIFICATE_VERIFY_FAILED] certificate verify failed: unable to get local issuer certificate (_ssl.c:1010), retry in 20s
    network error [SSL: CERTIFICATE_VERIFY_FAILED] certificate verify failed: unable to get local issuer certificate (_ssl.c:1010), retry in 25s
  ! RICH_MEDIA stopped at start=0: gave up after retries
== MEMBER_SHARE_INFO
  (not ready — LinkedIn still processing this domain; re-run later)
== ARTICLES
  (not ready — LinkedIn still processing this domain; re-run later)
== ALL_COMMENTS
  (not ready — LinkedIn still processing this domain; re-run later)
== ALL_LIKES
  (not ready — LinkedIn still processing this domain; re-run later)
== ALL_VOTES
  (not ready — LinkedIn still processing this domain; re-run later)
== INSTANT_REPOSTS
  (not ready — LinkedIn still processing this domain; re-run later)
== RICH_MEDIA
  (not ready — LinkedIn still processing this domain; re-run later)

== summary ==
  MEMBER_SHARE_INFO: 0 records
  ARTICLES: 0 records
  ALL_COMMENTS: 0 records
  ALL_LIKES: 0 records
  ALL_VOTES: 0 records
  INSTANT_REPOSTS: 0 records
  RICH_MEDIA: 0 records

Written to /Users/maaretp/Documents/own-code/legacy/archives/linkedin/snapshot/
[poll] not ready yet; sleeping 1200s
[poll 54/72 2026-09-01 12:25] fetching --content domains
    network error [SSL: CERTIFICATE_VERIFY_FAILED] certificate verify failed: unable to get local issuer certificate (_ssl.c:1010), retry in 5s
    network error [SSL: CERTIFICATE_VERIFY_FAILED] certificate verify failed: unable to get local issuer certificate (_ssl.c:1010), retry in 10s
    network error [SSL: CERTIFICATE_VERIFY_FAILED] certificate verify failed: unable to get local issuer certificate (_ssl.c:1010), retry in 15s
    network error [SSL: CERTIFICATE_VERIFY_FAILED] certificate verify failed: unable to get local issuer certificate (_ssl.c:1010), retry in 20s
    network error [SSL: CERTIFICATE_VERIFY_FAILED] certificate verify failed: unable to get local issuer certificate (_ssl.c:1010), retry in 25s
  ! MEMBER_SHARE_INFO stopped at start=0: gave up after retries
    network error [SSL: CERTIFICATE_VERIFY_FAILED] certificate verify failed: unable to get local issuer certificate (_ssl.c:1010), retry in 5s
    network error [SSL: CERTIFICATE_VERIFY_FAILED] certificate verify failed: unable to get local issuer certificate (_ssl.c:1010), retry in 10s
    network error [SSL: CERTIFICATE_VERIFY_FAILED] certificate verify failed: unable to get local issuer certificate (_ssl.c:1010), retry in 15s
    network error [SSL: CERTIFICATE_VERIFY_FAILED] certificate verify failed: unable to get local issuer certificate (_ssl.c:1010), retry in 20s
    network error [SSL: CERTIFICATE_VERIFY_FAILED] certificate verify failed: unable to get local issuer certificate (_ssl.c:1010), retry in 25s
  ! ARTICLES stopped at start=0: gave up after retries
    network error [SSL: CERTIFICATE_VERIFY_FAILED] certificate verify failed: unable to get local issuer certificate (_ssl.c:1010), retry in 5s
    network error [SSL: CERTIFICATE_VERIFY_FAILED] certificate verify failed: unable to get local issuer certificate (_ssl.c:1010), retry in 10s
    network error [SSL: CERTIFICATE_VERIFY_FAILED] certificate verify failed: unable to get local issuer certificate (_ssl.c:1010), retry in 15s
    network error [SSL: CERTIFICATE_VERIFY_FAILED] certificate verify failed: unable to get local issuer certificate (_ssl.c:1010), retry in 20s
    network error [SSL: CERTIFICATE_VERIFY_FAILED] certificate verify failed: unable to get local issuer certificate (_ssl.c:1010), retry in 25s
  ! ALL_COMMENTS stopped at start=0: gave up after retries
    network error [SSL: CERTIFICATE_VERIFY_FAILED] certificate verify failed: unable to get local issuer certificate (_ssl.c:1010), retry in 5s
    network error [SSL: CERTIFICATE_VERIFY_FAILED] certificate verify failed: unable to get local issuer certificate (_ssl.c:1010), retry in 10s
    network error [SSL: CERTIFICATE_VERIFY_FAILED] certificate verify failed: unable to get local issuer certificate (_ssl.c:1010), retry in 15s
    network error [SSL: CERTIFICATE_VERIFY_FAILED] certificate verify failed: unable to get local issuer certificate (_ssl.c:1010), retry in 20s
    network error [SSL: CERTIFICATE_VERIFY_FAILED] certificate verify failed: unable to get local issuer certificate (_ssl.c:1010), retry in 25s
  ! ALL_LIKES stopped at start=0: gave up after retries
    network error [SSL: CERTIFICATE_VERIFY_FAILED] certificate verify failed: unable to get local issuer certificate (_ssl.c:1010), retry in 5s
    network error [SSL: CERTIFICATE_VERIFY_FAILED] certificate verify failed: unable to get local issuer certificate (_ssl.c:1010), retry in 10s
    network error [SSL: CERTIFICATE_VERIFY_FAILED] certificate verify failed: unable to get local issuer certificate (_ssl.c:1010), retry in 15s
    network error [SSL: CERTIFICATE_VERIFY_FAILED] certificate verify failed: unable to get local issuer certificate (_ssl.c:1010), retry in 20s
    network error [SSL: CERTIFICATE_VERIFY_FAILED] certificate verify failed: unable to get local issuer certificate (_ssl.c:1010), retry in 25s
  ! ALL_VOTES stopped at start=0: gave up after retries
    network error [SSL: CERTIFICATE_VERIFY_FAILED] certificate verify failed: unable to get local issuer certificate (_ssl.c:1010), retry in 5s
    network error [SSL: CERTIFICATE_VERIFY_FAILED] certificate verify failed: unable to get local issuer certificate (_ssl.c:1010), retry in 10s
    network error [SSL: CERTIFICATE_VERIFY_FAILED] certificate verify failed: unable to get local issuer certificate (_ssl.c:1010), retry in 15s
    network error [SSL: CERTIFICATE_VERIFY_FAILED] certificate verify failed: unable to get local issuer certificate (_ssl.c:1010), retry in 20s
    network error [SSL: CERTIFICATE_VERIFY_FAILED] certificate verify failed: unable to get local issuer certificate (_ssl.c:1010), retry in 25s
  ! INSTANT_REPOSTS stopped at start=0: gave up after retries
    network error [SSL: CERTIFICATE_VERIFY_FAILED] certificate verify failed: unable to get local issuer certificate (_ssl.c:1010), retry in 5s
    network error [SSL: CERTIFICATE_VERIFY_FAILED] certificate verify failed: unable to get local issuer certificate (_ssl.c:1010), retry in 10s
    network error [SSL: CERTIFICATE_VERIFY_FAILED] certificate verify failed: unable to get local issuer certificate (_ssl.c:1010), retry in 15s
    network error [SSL: CERTIFICATE_VERIFY_FAILED] certificate verify failed: unable to get local issuer certificate (_ssl.c:1010), retry in 20s
    network error [SSL: CERTIFICATE_VERIFY_FAILED] certificate verify failed: unable to get local issuer certificate (_ssl.c:1010), retry in 25s
  ! RICH_MEDIA stopped at start=0: gave up after retries
== MEMBER_SHARE_INFO
  (not ready — LinkedIn still processing this domain; re-run later)
== ARTICLES
  (not ready — LinkedIn still processing this domain; re-run later)
== ALL_COMMENTS
  (not ready — LinkedIn still processing this domain; re-run later)
== ALL_LIKES
  (not ready — LinkedIn still processing this domain; re-run later)
== ALL_VOTES
  (not ready — LinkedIn still processing this domain; re-run later)
== INSTANT_REPOSTS
  (not ready — LinkedIn still processing this domain; re-run later)
== RICH_MEDIA
  (not ready — LinkedIn still processing this domain; re-run later)

== summary ==
  MEMBER_SHARE_INFO: 0 records
  ARTICLES: 0 records
  ALL_COMMENTS: 0 records
  ALL_LIKES: 0 records
  ALL_VOTES: 0 records
  INSTANT_REPOSTS: 0 records
  RICH_MEDIA: 0 records

Written to /Users/maaretp/Documents/own-code/legacy/archives/linkedin/snapshot/
[poll] not ready yet; sleeping 1200s
[poll 55/72 2026-09-01 12:54] fetching --content domains
    network error [SSL: CERTIFICATE_VERIFY_FAILED] certificate verify failed: unable to get local issuer certificate (_ssl.c:1010), retry in 5s
    network error [SSL: CERTIFICATE_VERIFY_FAILED] certificate verify failed: unable to get local issuer certificate (_ssl.c:1010), retry in 10s
    network error [SSL: CERTIFICATE_VERIFY_FAILED] certificate verify failed: unable to get local issuer certificate (_ssl.c:1010), retry in 15s
    network error [SSL: CERTIFICATE_VERIFY_FAILED] certificate verify failed: unable to get local issuer certificate (_ssl.c:1010), retry in 20s
    network error [SSL: CERTIFICATE_VERIFY_FAILED] certificate verify failed: unable to get local issuer certificate (_ssl.c:1010), retry in 25s
  ! MEMBER_SHARE_INFO stopped at start=0: gave up after retries
    network error [SSL: CERTIFICATE_VERIFY_FAILED] certificate verify failed: unable to get local issuer certificate (_ssl.c:1010), retry in 5s
    network error [SSL: CERTIFICATE_VERIFY_FAILED] certificate verify failed: unable to get local issuer certificate (_ssl.c:1010), retry in 10s
    network error [SSL: CERTIFICATE_VERIFY_FAILED] certificate verify failed: unable to get local issuer certificate (_ssl.c:1010), retry in 15s
    network error [SSL: CERTIFICATE_VERIFY_FAILED] certificate verify failed: unable to get local issuer certificate (_ssl.c:1010), retry in 20s
    network error [SSL: CERTIFICATE_VERIFY_FAILED] certificate verify failed: unable to get local issuer certificate (_ssl.c:1010), retry in 25s
  ! ARTICLES stopped at start=0: gave up after retries
    network error [SSL: CERTIFICATE_VERIFY_FAILED] certificate verify failed: unable to get local issuer certificate (_ssl.c:1010), retry in 5s
    network error [SSL: CERTIFICATE_VERIFY_FAILED] certificate verify failed: unable to get local issuer certificate (_ssl.c:1010), retry in 10s
    network error [SSL: CERTIFICATE_VERIFY_FAILED] certificate verify failed: unable to get local issuer certificate (_ssl.c:1010), retry in 15s
    network error [SSL: CERTIFICATE_VERIFY_FAILED] certificate verify failed: unable to get local issuer certificate (_ssl.c:1010), retry in 20s
    network error [SSL: CERTIFICATE_VERIFY_FAILED] certificate verify failed: unable to get local issuer certificate (_ssl.c:1010), retry in 25s
  ! ALL_COMMENTS stopped at start=0: gave up after retries
    network error [SSL: CERTIFICATE_VERIFY_FAILED] certificate verify failed: unable to get local issuer certificate (_ssl.c:1010), retry in 5s
    network error [SSL: CERTIFICATE_VERIFY_FAILED] certificate verify failed: unable to get local issuer certificate (_ssl.c:1010), retry in 10s
    network error [SSL: CERTIFICATE_VERIFY_FAILED] certificate verify failed: unable to get local issuer certificate (_ssl.c:1010), retry in 15s
    network error [SSL: CERTIFICATE_VERIFY_FAILED] certificate verify failed: unable to get local issuer certificate (_ssl.c:1010), retry in 20s
    network error [SSL: CERTIFICATE_VERIFY_FAILED] certificate verify failed: unable to get local issuer certificate (_ssl.c:1010), retry in 25s
  ! ALL_LIKES stopped at start=0: gave up after retries
    network error [SSL: CERTIFICATE_VERIFY_FAILED] certificate verify failed: unable to get local issuer certificate (_ssl.c:1010), retry in 5s
    network error [SSL: CERTIFICATE_VERIFY_FAILED] certificate verify failed: unable to get local issuer certificate (_ssl.c:1010), retry in 10s
    network error [SSL: CERTIFICATE_VERIFY_FAILED] certificate verify failed: unable to get local issuer certificate (_ssl.c:1010), retry in 15s
    network error [SSL: CERTIFICATE_VERIFY_FAILED] certificate verify failed: unable to get local issuer certificate (_ssl.c:1010), retry in 20s
    network error [SSL: CERTIFICATE_VERIFY_FAILED] certificate verify failed: unable to get local issuer certificate (_ssl.c:1010), retry in 25s
  ! ALL_VOTES stopped at start=0: gave up after retries
    network error [SSL: CERTIFICATE_VERIFY_FAILED] certificate verify failed: unable to get local issuer certificate (_ssl.c:1010), retry in 5s
    network error [SSL: CERTIFICATE_VERIFY_FAILED] certificate verify failed: unable to get local issuer certificate (_ssl.c:1010), retry in 10s
    network error [SSL: CERTIFICATE_VERIFY_FAILED] certificate verify failed: unable to get local issuer certificate (_ssl.c:1010), retry in 15s
    network error [SSL: CERTIFICATE_VERIFY_FAILED] certificate verify failed: unable to get local issuer certificate (_ssl.c:1010), retry in 20s
    network error [SSL: CERTIFICATE_VERIFY_FAILED] certificate verify failed: unable to get local issuer certificate (_ssl.c:1010), retry in 25s
  ! INSTANT_REPOSTS stopped at start=0: gave up after retries
    network error [SSL: CERTIFICATE_VERIFY_FAILED] certificate verify failed: unable to get local issuer certificate (_ssl.c:1010), retry in 5s
    network error [SSL: CERTIFICATE_VERIFY_FAILED] certificate verify failed: unable to get local issuer certificate (_ssl.c:1010), retry in 10s
    network error [SSL: CERTIFICATE_VERIFY_FAILED] certificate verify failed: unable to get local issuer certificate (_ssl.c:1010), retry in 15s
    network error [SSL: CERTIFICATE_VERIFY_FAILED] certificate verify failed: unable to get local issuer certificate (_ssl.c:1010), retry in 20s
    network error [SSL: CERTIFICATE_VERIFY_FAILED] certificate verify failed: unable to get local issuer certificate (_ssl.c:1010), retry in 25s
  ! RICH_MEDIA stopped at start=0: gave up after retries
== MEMBER_SHARE_INFO
  (not ready — LinkedIn still processing this domain; re-run later)
== ARTICLES
  (not ready — LinkedIn still processing this domain; re-run later)
== ALL_COMMENTS
  (not ready — LinkedIn still processing this domain; re-run later)
== ALL_LIKES
  (not ready — LinkedIn still processing this domain; re-run later)
== ALL_VOTES
  (not ready — LinkedIn still processing this domain; re-run later)
== INSTANT_REPOSTS
  (not ready — LinkedIn still processing this domain; re-run later)
== RICH_MEDIA
  (not ready — LinkedIn still processing this domain; re-run later)

== summary ==
  MEMBER_SHARE_INFO: 0 records
  ARTICLES: 0 records
  ALL_COMMENTS: 0 records
  ALL_LIKES: 0 records
  ALL_VOTES: 0 records
  INSTANT_REPOSTS: 0 records
  RICH_MEDIA: 0 records

Written to /Users/maaretp/Documents/own-code/legacy/archives/linkedin/snapshot/
[poll] not ready yet; sleeping 1200s
[poll 56/72 2026-09-01 13:23] fetching --content domains
    network error [SSL: CERTIFICATE_VERIFY_FAILED] certificate verify failed: unable to get local issuer certificate (_ssl.c:1010), retry in 5s
    network error [SSL: CERTIFICATE_VERIFY_FAILED] certificate verify failed: unable to get local issuer certificate (_ssl.c:1010), retry in 10s
    network error [SSL: CERTIFICATE_VERIFY_FAILED] certificate verify failed: unable to get local issuer certificate (_ssl.c:1010), retry in 15s
    network error [SSL: CERTIFICATE_VERIFY_FAILED] certificate verify failed: unable to get local issuer certificate (_ssl.c:1010), retry in 20s
    network error [SSL: CERTIFICATE_VERIFY_FAILED] certificate verify failed: unable to get local issuer certificate (_ssl.c:1010), retry in 25s
  ! MEMBER_SHARE_INFO stopped at start=0: gave up after retries
    network error [SSL: CERTIFICATE_VERIFY_FAILED] certificate verify failed: unable to get local issuer certificate (_ssl.c:1010), retry in 5s
    network error [SSL: CERTIFICATE_VERIFY_FAILED] certificate verify failed: unable to get local issuer certificate (_ssl.c:1010), retry in 10s
    network error [SSL: CERTIFICATE_VERIFY_FAILED] certificate verify failed: unable to get local issuer certificate (_ssl.c:1010), retry in 15s
    network error [SSL: CERTIFICATE_VERIFY_FAILED] certificate verify failed: unable to get local issuer certificate (_ssl.c:1010), retry in 20s
    network error [SSL: CERTIFICATE_VERIFY_FAILED] certificate verify failed: unable to get local issuer certificate (_ssl.c:1010), retry in 25s
  ! ARTICLES stopped at start=0: gave up after retries
    network error [SSL: CERTIFICATE_VERIFY_FAILED] certificate verify failed: unable to get local issuer certificate (_ssl.c:1010), retry in 5s
    network error [SSL: CERTIFICATE_VERIFY_FAILED] certificate verify failed: unable to get local issuer certificate (_ssl.c:1010), retry in 10s
    network error [SSL: CERTIFICATE_VERIFY_FAILED] certificate verify failed: unable to get local issuer certificate (_ssl.c:1010), retry in 15s
    network error [SSL: CERTIFICATE_VERIFY_FAILED] certificate verify failed: unable to get local issuer certificate (_ssl.c:1010), retry in 20s
    network error [SSL: CERTIFICATE_VERIFY_FAILED] certificate verify failed: unable to get local issuer certificate (_ssl.c:1010), retry in 25s
  ! ALL_COMMENTS stopped at start=0: gave up after retries
    network error [SSL: CERTIFICATE_VERIFY_FAILED] certificate verify failed: unable to get local issuer certificate (_ssl.c:1010), retry in 5s
    network error [SSL: CERTIFICATE_VERIFY_FAILED] certificate verify failed: unable to get local issuer certificate (_ssl.c:1010), retry in 10s
    network error [SSL: CERTIFICATE_VERIFY_FAILED] certificate verify failed: unable to get local issuer certificate (_ssl.c:1010), retry in 15s
    network error [SSL: CERTIFICATE_VERIFY_FAILED] certificate verify failed: unable to get local issuer certificate (_ssl.c:1010), retry in 20s
    network error [SSL: CERTIFICATE_VERIFY_FAILED] certificate verify failed: unable to get local issuer certificate (_ssl.c:1010), retry in 25s
  ! ALL_LIKES stopped at start=0: gave up after retries
    network error [SSL: CERTIFICATE_VERIFY_FAILED] certificate verify failed: unable to get local issuer certificate (_ssl.c:1010), retry in 5s
    network error [SSL: CERTIFICATE_VERIFY_FAILED] certificate verify failed: unable to get local issuer certificate (_ssl.c:1010), retry in 10s
    network error [SSL: CERTIFICATE_VERIFY_FAILED] certificate verify failed: unable to get local issuer certificate (_ssl.c:1010), retry in 15s
    network error [SSL: CERTIFICATE_VERIFY_FAILED] certificate verify failed: unable to get local issuer certificate (_ssl.c:1010), retry in 20s
    network error [SSL: CERTIFICATE_VERIFY_FAILED] certificate verify failed: unable to get local issuer certificate (_ssl.c:1010), retry in 25s
  ! ALL_VOTES stopped at start=0: gave up after retries
    network error [SSL: CERTIFICATE_VERIFY_FAILED] certificate verify failed: unable to get local issuer certificate (_ssl.c:1010), retry in 5s
    network error [SSL: CERTIFICATE_VERIFY_FAILED] certificate verify failed: unable to get local issuer certificate (_ssl.c:1010), retry in 10s
    network error [SSL: CERTIFICATE_VERIFY_FAILED] certificate verify failed: unable to get local issuer certificate (_ssl.c:1010), retry in 15s
    network error [SSL: CERTIFICATE_VERIFY_FAILED] certificate verify failed: unable to get local issuer certificate (_ssl.c:1010), retry in 20s
    network error [SSL: CERTIFICATE_VERIFY_FAILED] certificate verify failed: unable to get local issuer certificate (_ssl.c:1010), retry in 25s
  ! INSTANT_REPOSTS stopped at start=0: gave up after retries
    network error [SSL: CERTIFICATE_VERIFY_FAILED] certificate verify failed: unable to get local issuer certificate (_ssl.c:1010), retry in 5s
    network error [SSL: CERTIFICATE_VERIFY_FAILED] certificate verify failed: unable to get local issuer certificate (_ssl.c:1010), retry in 10s
    network error [SSL: CERTIFICATE_VERIFY_FAILED] certificate verify failed: unable to get local issuer certificate (_ssl.c:1010), retry in 15s
    network error [SSL: CERTIFICATE_VERIFY_FAILED] certificate verify failed: unable to get local issuer certificate (_ssl.c:1010), retry in 20s
    network error [SSL: CERTIFICATE_VERIFY_FAILED] certificate verify failed: unable to get local issuer certificate (_ssl.c:1010), retry in 25s
  ! RICH_MEDIA stopped at start=0: gave up after retries
== MEMBER_SHARE_INFO
  (not ready — LinkedIn still processing this domain; re-run later)
== ARTICLES
  (not ready — LinkedIn still processing this domain; re-run later)
== ALL_COMMENTS
  (not ready — LinkedIn still processing this domain; re-run later)
== ALL_LIKES
  (not ready — LinkedIn still processing this domain; re-run later)
== ALL_VOTES
  (not ready — LinkedIn still processing this domain; re-run later)
== INSTANT_REPOSTS
  (not ready — LinkedIn still processing this domain; re-run later)
== RICH_MEDIA
  (not ready — LinkedIn still processing this domain; re-run later)

== summary ==
  MEMBER_SHARE_INFO: 0 records
  ARTICLES: 0 records
  ALL_COMMENTS: 0 records
  ALL_LIKES: 0 records
  ALL_VOTES: 0 records
  INSTANT_REPOSTS: 0 records
  RICH_MEDIA: 0 records

Written to /Users/maaretp/Documents/own-code/legacy/archives/linkedin/snapshot/
[poll] not ready yet; sleeping 1200s
[poll 57/72 2026-09-01 13:53] fetching --content domains
    network error [SSL: CERTIFICATE_VERIFY_FAILED] certificate verify failed: unable to get local issuer certificate (_ssl.c:1010), retry in 5s
    network error [SSL: CERTIFICATE_VERIFY_FAILED] certificate verify failed: unable to get local issuer certificate (_ssl.c:1010), retry in 10s
    network error [SSL: CERTIFICATE_VERIFY_FAILED] certificate verify failed: unable to get local issuer certificate (_ssl.c:1010), retry in 15s
    network error [SSL: CERTIFICATE_VERIFY_FAILED] certificate verify failed: unable to get local issuer certificate (_ssl.c:1010), retry in 20s
    network error [SSL: CERTIFICATE_VERIFY_FAILED] certificate verify failed: unable to get local issuer certificate (_ssl.c:1010), retry in 25s
  ! MEMBER_SHARE_INFO stopped at start=0: gave up after retries
    network error [SSL: CERTIFICATE_VERIFY_FAILED] certificate verify failed: unable to get local issuer certificate (_ssl.c:1010), retry in 5s
    network error [SSL: CERTIFICATE_VERIFY_FAILED] certificate verify failed: unable to get local issuer certificate (_ssl.c:1010), retry in 10s
    network error [SSL: CERTIFICATE_VERIFY_FAILED] certificate verify failed: unable to get local issuer certificate (_ssl.c:1010), retry in 15s
    network error [SSL: CERTIFICATE_VERIFY_FAILED] certificate verify failed: unable to get local issuer certificate (_ssl.c:1010), retry in 20s
    network error [SSL: CERTIFICATE_VERIFY_FAILED] certificate verify failed: unable to get local issuer certificate (_ssl.c:1010), retry in 25s
  ! ARTICLES stopped at start=0: gave up after retries
    network error [SSL: CERTIFICATE_VERIFY_FAILED] certificate verify failed: unable to get local issuer certificate (_ssl.c:1010), retry in 5s
    network error [SSL: CERTIFICATE_VERIFY_FAILED] certificate verify failed: unable to get local issuer certificate (_ssl.c:1010), retry in 10s
    network error [SSL: CERTIFICATE_VERIFY_FAILED] certificate verify failed: unable to get local issuer certificate (_ssl.c:1010), retry in 15s
    network error [SSL: CERTIFICATE_VERIFY_FAILED] certificate verify failed: unable to get local issuer certificate (_ssl.c:1010), retry in 20s
    network error [SSL: CERTIFICATE_VERIFY_FAILED] certificate verify failed: unable to get local issuer certificate (_ssl.c:1010), retry in 25s
  ! ALL_COMMENTS stopped at start=0: gave up after retries
    network error [SSL: CERTIFICATE_VERIFY_FAILED] certificate verify failed: unable to get local issuer certificate (_ssl.c:1010), retry in 5s
    network error [SSL: CERTIFICATE_VERIFY_FAILED] certificate verify failed: unable to get local issuer certificate (_ssl.c:1010), retry in 10s
    network error [SSL: CERTIFICATE_VERIFY_FAILED] certificate verify failed: unable to get local issuer certificate (_ssl.c:1010), retry in 15s
    network error [SSL: CERTIFICATE_VERIFY_FAILED] certificate verify failed: unable to get local issuer certificate (_ssl.c:1010), retry in 20s
    network error [SSL: CERTIFICATE_VERIFY_FAILED] certificate verify failed: unable to get local issuer certificate (_ssl.c:1010), retry in 25s
  ! ALL_LIKES stopped at start=0: gave up after retries
    network error [SSL: CERTIFICATE_VERIFY_FAILED] certificate verify failed: unable to get local issuer certificate (_ssl.c:1010), retry in 5s
    network error [SSL: CERTIFICATE_VERIFY_FAILED] certificate verify failed: unable to get local issuer certificate (_ssl.c:1010), retry in 10s
    network error [SSL: CERTIFICATE_VERIFY_FAILED] certificate verify failed: unable to get local issuer certificate (_ssl.c:1010), retry in 15s
    network error [SSL: CERTIFICATE_VERIFY_FAILED] certificate verify failed: unable to get local issuer certificate (_ssl.c:1010), retry in 20s
    network error [SSL: CERTIFICATE_VERIFY_FAILED] certificate verify failed: unable to get local issuer certificate (_ssl.c:1010), retry in 25s
  ! ALL_VOTES stopped at start=0: gave up after retries
    network error [SSL: CERTIFICATE_VERIFY_FAILED] certificate verify failed: unable to get local issuer certificate (_ssl.c:1010), retry in 5s
    network error [SSL: CERTIFICATE_VERIFY_FAILED] certificate verify failed: unable to get local issuer certificate (_ssl.c:1010), retry in 10s
    network error [SSL: CERTIFICATE_VERIFY_FAILED] certificate verify failed: unable to get local issuer certificate (_ssl.c:1010), retry in 15s
    network error [SSL: CERTIFICATE_VERIFY_FAILED] certificate verify failed: unable to get local issuer certificate (_ssl.c:1010), retry in 20s
    network error [SSL: CERTIFICATE_VERIFY_FAILED] certificate verify failed: unable to get local issuer certificate (_ssl.c:1010), retry in 25s
  ! INSTANT_REPOSTS stopped at start=0: gave up after retries
    network error [SSL: CERTIFICATE_VERIFY_FAILED] certificate verify failed: unable to get local issuer certificate (_ssl.c:1010), retry in 5s
    network error [SSL: CERTIFICATE_VERIFY_FAILED] certificate verify failed: unable to get local issuer certificate (_ssl.c:1010), retry in 10s
    network error [SSL: CERTIFICATE_VERIFY_FAILED] certificate verify failed: unable to get local issuer certificate (_ssl.c:1010), retry in 15s
    network error [SSL: CERTIFICATE_VERIFY_FAILED] certificate verify failed: unable to get local issuer certificate (_ssl.c:1010), retry in 20s
    network error [SSL: CERTIFICATE_VERIFY_FAILED] certificate verify failed: unable to get local issuer certificate (_ssl.c:1010), retry in 25s
  ! RICH_MEDIA stopped at start=0: gave up after retries
== MEMBER_SHARE_INFO
  (not ready — LinkedIn still processing this domain; re-run later)
== ARTICLES
  (not ready — LinkedIn still processing this domain; re-run later)
== ALL_COMMENTS
  (not ready — LinkedIn still processing this domain; re-run later)
== ALL_LIKES
  (not ready — LinkedIn still processing this domain; re-run later)
== ALL_VOTES
  (not ready — LinkedIn still processing this domain; re-run later)
== INSTANT_REPOSTS
  (not ready — LinkedIn still processing this domain; re-run later)
== RICH_MEDIA
  (not ready — LinkedIn still processing this domain; re-run later)

== summary ==
  MEMBER_SHARE_INFO: 0 records
  ARTICLES: 0 records
  ALL_COMMENTS: 0 records
  ALL_LIKES: 0 records
  ALL_VOTES: 0 records
  INSTANT_REPOSTS: 0 records
  RICH_MEDIA: 0 records

Written to /Users/maaretp/Documents/own-code/legacy/archives/linkedin/snapshot/
[poll] not ready yet; sleeping 1200s
[poll 58/72 2026-09-01 14:22] fetching --content domains
    network error [SSL: CERTIFICATE_VERIFY_FAILED] certificate verify failed: unable to get local issuer certificate (_ssl.c:1010), retry in 5s
    network error [SSL: CERTIFICATE_VERIFY_FAILED] certificate verify failed: unable to get local issuer certificate (_ssl.c:1010), retry in 10s
    network error [SSL: CERTIFICATE_VERIFY_FAILED] certificate verify failed: unable to get local issuer certificate (_ssl.c:1010), retry in 15s
    network error [SSL: CERTIFICATE_VERIFY_FAILED] certificate verify failed: unable to get local issuer certificate (_ssl.c:1010), retry in 20s
    network error [SSL: CERTIFICATE_VERIFY_FAILED] certificate verify failed: unable to get local issuer certificate (_ssl.c:1010), retry in 25s
  ! MEMBER_SHARE_INFO stopped at start=0: gave up after retries
    network error [SSL: CERTIFICATE_VERIFY_FAILED] certificate verify failed: unable to get local issuer certificate (_ssl.c:1010), retry in 5s
    network error [SSL: CERTIFICATE_VERIFY_FAILED] certificate verify failed: unable to get local issuer certificate (_ssl.c:1010), retry in 10s
    network error [SSL: CERTIFICATE_VERIFY_FAILED] certificate verify failed: unable to get local issuer certificate (_ssl.c:1010), retry in 15s
    network error [SSL: CERTIFICATE_VERIFY_FAILED] certificate verify failed: unable to get local issuer certificate (_ssl.c:1010), retry in 20s
    network error [SSL: CERTIFICATE_VERIFY_FAILED] certificate verify failed: unable to get local issuer certificate (_ssl.c:1010), retry in 25s
  ! ARTICLES stopped at start=0: gave up after retries
    network error [SSL: CERTIFICATE_VERIFY_FAILED] certificate verify failed: unable to get local issuer certificate (_ssl.c:1010), retry in 5s
    network error [SSL: CERTIFICATE_VERIFY_FAILED] certificate verify failed: unable to get local issuer certificate (_ssl.c:1010), retry in 10s
    network error [SSL: CERTIFICATE_VERIFY_FAILED] certificate verify failed: unable to get local issuer certificate (_ssl.c:1010), retry in 15s
    network error [SSL: CERTIFICATE_VERIFY_FAILED] certificate verify failed: unable to get local issuer certificate (_ssl.c:1010), retry in 20s
    network error [SSL: CERTIFICATE_VERIFY_FAILED] certificate verify failed: unable to get local issuer certificate (_ssl.c:1010), retry in 25s
  ! ALL_COMMENTS stopped at start=0: gave up after retries
    network error [SSL: CERTIFICATE_VERIFY_FAILED] certificate verify failed: unable to get local issuer certificate (_ssl.c:1010), retry in 5s
    network error [SSL: CERTIFICATE_VERIFY_FAILED] certificate verify failed: unable to get local issuer certificate (_ssl.c:1010), retry in 10s
    network error [SSL: CERTIFICATE_VERIFY_FAILED] certificate verify failed: unable to get local issuer certificate (_ssl.c:1010), retry in 15s
    network error [SSL: CERTIFICATE_VERIFY_FAILED] certificate verify failed: unable to get local issuer certificate (_ssl.c:1010), retry in 20s
    network error [SSL: CERTIFICATE_VERIFY_FAILED] certificate verify failed: unable to get local issuer certificate (_ssl.c:1010), retry in 25s
  ! ALL_LIKES stopped at start=0: gave up after retries
    network error [SSL: CERTIFICATE_VERIFY_FAILED] certificate verify failed: unable to get local issuer certificate (_ssl.c:1010), retry in 5s
    network error [SSL: CERTIFICATE_VERIFY_FAILED] certificate verify failed: unable to get local issuer certificate (_ssl.c:1010), retry in 10s
    network error [SSL: CERTIFICATE_VERIFY_FAILED] certificate verify failed: unable to get local issuer certificate (_ssl.c:1010), retry in 15s
    network error [SSL: CERTIFICATE_VERIFY_FAILED] certificate verify failed: unable to get local issuer certificate (_ssl.c:1010), retry in 20s
    network error [SSL: CERTIFICATE_VERIFY_FAILED] certificate verify failed: unable to get local issuer certificate (_ssl.c:1010), retry in 25s
  ! ALL_VOTES stopped at start=0: gave up after retries
    network error [SSL: CERTIFICATE_VERIFY_FAILED] certificate verify failed: unable to get local issuer certificate (_ssl.c:1010), retry in 5s
    network error [SSL: CERTIFICATE_VERIFY_FAILED] certificate verify failed: unable to get local issuer certificate (_ssl.c:1010), retry in 10s
    network error [SSL: CERTIFICATE_VERIFY_FAILED] certificate verify failed: unable to get local issuer certificate (_ssl.c:1010), retry in 15s
    network error [SSL: CERTIFICATE_VERIFY_FAILED] certificate verify failed: unable to get local issuer certificate (_ssl.c:1010), retry in 20s
    network error [SSL: CERTIFICATE_VERIFY_FAILED] certificate verify failed: unable to get local issuer certificate (_ssl.c:1010), retry in 25s
  ! INSTANT_REPOSTS stopped at start=0: gave up after retries
    network error [SSL: CERTIFICATE_VERIFY_FAILED] certificate verify failed: unable to get local issuer certificate (_ssl.c:1010), retry in 5s
    network error [SSL: CERTIFICATE_VERIFY_FAILED] certificate verify failed: unable to get local issuer certificate (_ssl.c:1010), retry in 10s
    network error [SSL: CERTIFICATE_VERIFY_FAILED] certificate verify failed: unable to get local issuer certificate (_ssl.c:1010), retry in 15s
    network error [SSL: CERTIFICATE_VERIFY_FAILED] certificate verify failed: unable to get local issuer certificate (_ssl.c:1010), retry in 20s
    network error [SSL: CERTIFICATE_VERIFY_FAILED] certificate verify failed: unable to get local issuer certificate (_ssl.c:1010), retry in 25s
  ! RICH_MEDIA stopped at start=0: gave up after retries
== MEMBER_SHARE_INFO
  (not ready — LinkedIn still processing this domain; re-run later)
== ARTICLES
  (not ready — LinkedIn still processing this domain; re-run later)
== ALL_COMMENTS
  (not ready — LinkedIn still processing this domain; re-run later)
== ALL_LIKES
  (not ready — LinkedIn still processing this domain; re-run later)
== ALL_VOTES
  (not ready — LinkedIn still processing this domain; re-run later)
== INSTANT_REPOSTS
  (not ready — LinkedIn still processing this domain; re-run later)
== RICH_MEDIA
  (not ready — LinkedIn still processing this domain; re-run later)

== summary ==
  MEMBER_SHARE_INFO: 0 records
  ARTICLES: 0 records
  ALL_COMMENTS: 0 records
  ALL_LIKES: 0 records
  ALL_VOTES: 0 records
  INSTANT_REPOSTS: 0 records
  RICH_MEDIA: 0 records

Written to /Users/maaretp/Documents/own-code/legacy/archives/linkedin/snapshot/
[poll] not ready yet; sleeping 1200s
[poll 59/72 2026-09-01 14:51] fetching --content domains
    network error [SSL: CERTIFICATE_VERIFY_FAILED] certificate verify failed: unable to get local issuer certificate (_ssl.c:1010), retry in 5s
    network error [SSL: CERTIFICATE_VERIFY_FAILED] certificate verify failed: unable to get local issuer certificate (_ssl.c:1010), retry in 10s
    network error [SSL: CERTIFICATE_VERIFY_FAILED] certificate verify failed: unable to get local issuer certificate (_ssl.c:1010), retry in 15s
    network error [SSL: CERTIFICATE_VERIFY_FAILED] certificate verify failed: unable to get local issuer certificate (_ssl.c:1010), retry in 20s
    network error [SSL: CERTIFICATE_VERIFY_FAILED] certificate verify failed: unable to get local issuer certificate (_ssl.c:1010), retry in 25s
  ! MEMBER_SHARE_INFO stopped at start=0: gave up after retries
    network error [SSL: CERTIFICATE_VERIFY_FAILED] certificate verify failed: unable to get local issuer certificate (_ssl.c:1010), retry in 5s
    network error [SSL: CERTIFICATE_VERIFY_FAILED] certificate verify failed: unable to get local issuer certificate (_ssl.c:1010), retry in 10s
    network error [SSL: CERTIFICATE_VERIFY_FAILED] certificate verify failed: unable to get local issuer certificate (_ssl.c:1010), retry in 15s
    network error [SSL: CERTIFICATE_VERIFY_FAILED] certificate verify failed: unable to get local issuer certificate (_ssl.c:1010), retry in 20s
    network error [SSL: CERTIFICATE_VERIFY_FAILED] certificate verify failed: unable to get local issuer certificate (_ssl.c:1010), retry in 25s
  ! ARTICLES stopped at start=0: gave up after retries
    network error [SSL: CERTIFICATE_VERIFY_FAILED] certificate verify failed: unable to get local issuer certificate (_ssl.c:1010), retry in 5s
    network error [SSL: CERTIFICATE_VERIFY_FAILED] certificate verify failed: unable to get local issuer certificate (_ssl.c:1010), retry in 10s
    network error [SSL: CERTIFICATE_VERIFY_FAILED] certificate verify failed: unable to get local issuer certificate (_ssl.c:1010), retry in 15s
    network error [SSL: CERTIFICATE_VERIFY_FAILED] certificate verify failed: unable to get local issuer certificate (_ssl.c:1010), retry in 20s
    network error [SSL: CERTIFICATE_VERIFY_FAILED] certificate verify failed: unable to get local issuer certificate (_ssl.c:1010), retry in 25s
  ! ALL_COMMENTS stopped at start=0: gave up after retries
    network error [SSL: CERTIFICATE_VERIFY_FAILED] certificate verify failed: unable to get local issuer certificate (_ssl.c:1010), retry in 5s
    network error [SSL: CERTIFICATE_VERIFY_FAILED] certificate verify failed: unable to get local issuer certificate (_ssl.c:1010), retry in 10s
    network error [SSL: CERTIFICATE_VERIFY_FAILED] certificate verify failed: unable to get local issuer certificate (_ssl.c:1010), retry in 15s
    network error [SSL: CERTIFICATE_VERIFY_FAILED] certificate verify failed: unable to get local issuer certificate (_ssl.c:1010), retry in 20s
    network error [SSL: CERTIFICATE_VERIFY_FAILED] certificate verify failed: unable to get local issuer certificate (_ssl.c:1010), retry in 25s
  ! ALL_LIKES stopped at start=0: gave up after retries
    network error [SSL: CERTIFICATE_VERIFY_FAILED] certificate verify failed: unable to get local issuer certificate (_ssl.c:1010), retry in 5s
    network error [SSL: CERTIFICATE_VERIFY_FAILED] certificate verify failed: unable to get local issuer certificate (_ssl.c:1010), retry in 10s
    network error [SSL: CERTIFICATE_VERIFY_FAILED] certificate verify failed: unable to get local issuer certificate (_ssl.c:1010), retry in 15s
    network error [SSL: CERTIFICATE_VERIFY_FAILED] certificate verify failed: unable to get local issuer certificate (_ssl.c:1010), retry in 20s
    network error [SSL: CERTIFICATE_VERIFY_FAILED] certificate verify failed: unable to get local issuer certificate (_ssl.c:1010), retry in 25s
  ! ALL_VOTES stopped at start=0: gave up after retries
    network error [SSL: CERTIFICATE_VERIFY_FAILED] certificate verify failed: unable to get local issuer certificate (_ssl.c:1010), retry in 5s
    network error [SSL: CERTIFICATE_VERIFY_FAILED] certificate verify failed: unable to get local issuer certificate (_ssl.c:1010), retry in 10s
    network error [SSL: CERTIFICATE_VERIFY_FAILED] certificate verify failed: unable to get local issuer certificate (_ssl.c:1010), retry in 15s
    network error [SSL: CERTIFICATE_VERIFY_FAILED] certificate verify failed: unable to get local issuer certificate (_ssl.c:1010), retry in 20s
    network error [SSL: CERTIFICATE_VERIFY_FAILED] certificate verify failed: unable to get local issuer certificate (_ssl.c:1010), retry in 25s
  ! INSTANT_REPOSTS stopped at start=0: gave up after retries
    network error [SSL: CERTIFICATE_VERIFY_FAILED] certificate verify failed: unable to get local issuer certificate (_ssl.c:1010), retry in 5s
    network error [SSL: CERTIFICATE_VERIFY_FAILED] certificate verify failed: unable to get local issuer certificate (_ssl.c:1010), retry in 10s
    network error [SSL: CERTIFICATE_VERIFY_FAILED] certificate verify failed: unable to get local issuer certificate (_ssl.c:1010), retry in 15s
    network error [SSL: CERTIFICATE_VERIFY_FAILED] certificate verify failed: unable to get local issuer certificate (_ssl.c:1010), retry in 20s
    network error [SSL: CERTIFICATE_VERIFY_FAILED] certificate verify failed: unable to get local issuer certificate (_ssl.c:1010), retry in 25s
  ! RICH_MEDIA stopped at start=0: gave up after retries
== MEMBER_SHARE_INFO
  (not ready — LinkedIn still processing this domain; re-run later)
== ARTICLES
  (not ready — LinkedIn still processing this domain; re-run later)
== ALL_COMMENTS
  (not ready — LinkedIn still processing this domain; re-run later)
== ALL_LIKES
  (not ready — LinkedIn still processing this domain; re-run later)
== ALL_VOTES
  (not ready — LinkedIn still processing this domain; re-run later)
== INSTANT_REPOSTS
  (not ready — LinkedIn still processing this domain; re-run later)
== RICH_MEDIA
  (not ready — LinkedIn still processing this domain; re-run later)

== summary ==
  MEMBER_SHARE_INFO: 0 records
  ARTICLES: 0 records
  ALL_COMMENTS: 0 records
  ALL_LIKES: 0 records
  ALL_VOTES: 0 records
  INSTANT_REPOSTS: 0 records
  RICH_MEDIA: 0 records

Written to /Users/maaretp/Documents/own-code/legacy/archives/linkedin/snapshot/
[poll] not ready yet; sleeping 1200s
[poll 60/72 2026-09-01 15:20] fetching --content domains
    network error [SSL: CERTIFICATE_VERIFY_FAILED] certificate verify failed: unable to get local issuer certificate (_ssl.c:1010), retry in 5s
    network error [SSL: CERTIFICATE_VERIFY_FAILED] certificate verify failed: unable to get local issuer certificate (_ssl.c:1010), retry in 10s
    network error [SSL: CERTIFICATE_VERIFY_FAILED] certificate verify failed: unable to get local issuer certificate (_ssl.c:1010), retry in 15s
    network error [SSL: CERTIFICATE_VERIFY_FAILED] certificate verify failed: unable to get local issuer certificate (_ssl.c:1010), retry in 20s
    network error [SSL: CERTIFICATE_VERIFY_FAILED] certificate verify failed: unable to get local issuer certificate (_ssl.c:1010), retry in 25s
  ! MEMBER_SHARE_INFO stopped at start=0: gave up after retries
    network error [SSL: CERTIFICATE_VERIFY_FAILED] certificate verify failed: unable to get local issuer certificate (_ssl.c:1010), retry in 5s
    network error [SSL: CERTIFICATE_VERIFY_FAILED] certificate verify failed: unable to get local issuer certificate (_ssl.c:1010), retry in 10s
    network error [SSL: CERTIFICATE_VERIFY_FAILED] certificate verify failed: unable to get local issuer certificate (_ssl.c:1010), retry in 15s
    network error [SSL: CERTIFICATE_VERIFY_FAILED] certificate verify failed: unable to get local issuer certificate (_ssl.c:1010), retry in 20s
    network error [SSL: CERTIFICATE_VERIFY_FAILED] certificate verify failed: unable to get local issuer certificate (_ssl.c:1010), retry in 25s
  ! ARTICLES stopped at start=0: gave up after retries
    network error [SSL: CERTIFICATE_VERIFY_FAILED] certificate verify failed: unable to get local issuer certificate (_ssl.c:1010), retry in 5s
    network error [SSL: CERTIFICATE_VERIFY_FAILED] certificate verify failed: unable to get local issuer certificate (_ssl.c:1010), retry in 10s
    network error [SSL: CERTIFICATE_VERIFY_FAILED] certificate verify failed: unable to get local issuer certificate (_ssl.c:1010), retry in 15s
    network error [SSL: CERTIFICATE_VERIFY_FAILED] certificate verify failed: unable to get local issuer certificate (_ssl.c:1010), retry in 20s
    network error [SSL: CERTIFICATE_VERIFY_FAILED] certificate verify failed: unable to get local issuer certificate (_ssl.c:1010), retry in 25s
  ! ALL_COMMENTS stopped at start=0: gave up after retries
    network error [SSL: CERTIFICATE_VERIFY_FAILED] certificate verify failed: unable to get local issuer certificate (_ssl.c:1010), retry in 5s
    network error [SSL: CERTIFICATE_VERIFY_FAILED] certificate verify failed: unable to get local issuer certificate (_ssl.c:1010), retry in 10s
    network error [SSL: CERTIFICATE_VERIFY_FAILED] certificate verify failed: unable to get local issuer certificate (_ssl.c:1010), retry in 15s
    network error [SSL: CERTIFICATE_VERIFY_FAILED] certificate verify failed: unable to get local issuer certificate (_ssl.c:1010), retry in 20s
    network error [SSL: CERTIFICATE_VERIFY_FAILED] certificate verify failed: unable to get local issuer certificate (_ssl.c:1010), retry in 25s
  ! ALL_LIKES stopped at start=0: gave up after retries
    network error [SSL: CERTIFICATE_VERIFY_FAILED] certificate verify failed: unable to get local issuer certificate (_ssl.c:1010), retry in 5s
    network error [SSL: CERTIFICATE_VERIFY_FAILED] certificate verify failed: unable to get local issuer certificate (_ssl.c:1010), retry in 10s
    network error [SSL: CERTIFICATE_VERIFY_FAILED] certificate verify failed: unable to get local issuer certificate (_ssl.c:1010), retry in 15s
    network error [SSL: CERTIFICATE_VERIFY_FAILED] certificate verify failed: unable to get local issuer certificate (_ssl.c:1010), retry in 20s
    network error [SSL: CERTIFICATE_VERIFY_FAILED] certificate verify failed: unable to get local issuer certificate (_ssl.c:1010), retry in 25s
  ! ALL_VOTES stopped at start=0: gave up after retries
    network error [SSL: CERTIFICATE_VERIFY_FAILED] certificate verify failed: unable to get local issuer certificate (_ssl.c:1010), retry in 5s
    network error [SSL: CERTIFICATE_VERIFY_FAILED] certificate verify failed: unable to get local issuer certificate (_ssl.c:1010), retry in 10s
    network error [SSL: CERTIFICATE_VERIFY_FAILED] certificate verify failed: unable to get local issuer certificate (_ssl.c:1010), retry in 15s
    network error [SSL: CERTIFICATE_VERIFY_FAILED] certificate verify failed: unable to get local issuer certificate (_ssl.c:1010), retry in 20s
    network error [SSL: CERTIFICATE_VERIFY_FAILED] certificate verify failed: unable to get local issuer certificate (_ssl.c:1010), retry in 25s
  ! INSTANT_REPOSTS stopped at start=0: gave up after retries
    network error [SSL: CERTIFICATE_VERIFY_FAILED] certificate verify failed: unable to get local issuer certificate (_ssl.c:1010), retry in 5s
    network error [SSL: CERTIFICATE_VERIFY_FAILED] certificate verify failed: unable to get local issuer certificate (_ssl.c:1010), retry in 10s
    network error [SSL: CERTIFICATE_VERIFY_FAILED] certificate verify failed: unable to get local issuer certificate (_ssl.c:1010), retry in 15s
    network error [SSL: CERTIFICATE_VERIFY_FAILED] certificate verify failed: unable to get local issuer certificate (_ssl.c:1010), retry in 20s
    network error [SSL: CERTIFICATE_VERIFY_FAILED] certificate verify failed: unable to get local issuer certificate (_ssl.c:1010), retry in 25s
  ! RICH_MEDIA stopped at start=0: gave up after retries
== MEMBER_SHARE_INFO
  (not ready — LinkedIn still processing this domain; re-run later)
== ARTICLES
  (not ready — LinkedIn still processing this domain; re-run later)
== ALL_COMMENTS
  (not ready — LinkedIn still processing this domain; re-run later)
== ALL_LIKES
  (not ready — LinkedIn still processing this domain; re-run later)
== ALL_VOTES
  (not ready — LinkedIn still processing this domain; re-run later)
== INSTANT_REPOSTS
  (not ready — LinkedIn still processing this domain; re-run later)
== RICH_MEDIA
  (not ready — LinkedIn still processing this domain; re-run later)

== summary ==
  MEMBER_SHARE_INFO: 0 records
  ARTICLES: 0 records
  ALL_COMMENTS: 0 records
  ALL_LIKES: 0 records
  ALL_VOTES: 0 records
  INSTANT_REPOSTS: 0 records
  RICH_MEDIA: 0 records

Written to /Users/maaretp/Documents/own-code/legacy/archives/linkedin/snapshot/
[poll] not ready yet; sleeping 1200s
[poll 61/72 2026-09-01 15:49] fetching --content domains
    network error [SSL: CERTIFICATE_VERIFY_FAILED] certificate verify failed: unable to get local issuer certificate (_ssl.c:1010), retry in 5s
    network error [SSL: CERTIFICATE_VERIFY_FAILED] certificate verify failed: unable to get local issuer certificate (_ssl.c:1010), retry in 10s
    network error [SSL: CERTIFICATE_VERIFY_FAILED] certificate verify failed: unable to get local issuer certificate (_ssl.c:1010), retry in 15s
    network error [SSL: CERTIFICATE_VERIFY_FAILED] certificate verify failed: unable to get local issuer certificate (_ssl.c:1010), retry in 20s
    network error [SSL: CERTIFICATE_VERIFY_FAILED] certificate verify failed: unable to get local issuer certificate (_ssl.c:1010), retry in 25s
  ! MEMBER_SHARE_INFO stopped at start=0: gave up after retries
    network error [SSL: CERTIFICATE_VERIFY_FAILED] certificate verify failed: unable to get local issuer certificate (_ssl.c:1010), retry in 5s
    network error [SSL: CERTIFICATE_VERIFY_FAILED] certificate verify failed: unable to get local issuer certificate (_ssl.c:1010), retry in 10s
    network error [SSL: CERTIFICATE_VERIFY_FAILED] certificate verify failed: unable to get local issuer certificate (_ssl.c:1010), retry in 15s
    network error [SSL: CERTIFICATE_VERIFY_FAILED] certificate verify failed: unable to get local issuer certificate (_ssl.c:1010), retry in 20s
    network error [SSL: CERTIFICATE_VERIFY_FAILED] certificate verify failed: unable to get local issuer certificate (_ssl.c:1010), retry in 25s
  ! ARTICLES stopped at start=0: gave up after retries
    network error [SSL: CERTIFICATE_VERIFY_FAILED] certificate verify failed: unable to get local issuer certificate (_ssl.c:1010), retry in 5s
    network error [SSL: CERTIFICATE_VERIFY_FAILED] certificate verify failed: unable to get local issuer certificate (_ssl.c:1010), retry in 10s
    network error [SSL: CERTIFICATE_VERIFY_FAILED] certificate verify failed: unable to get local issuer certificate (_ssl.c:1010), retry in 15s
    network error [SSL: CERTIFICATE_VERIFY_FAILED] certificate verify failed: unable to get local issuer certificate (_ssl.c:1010), retry in 20s
    network error [SSL: CERTIFICATE_VERIFY_FAILED] certificate verify failed: unable to get local issuer certificate (_ssl.c:1010), retry in 25s
  ! ALL_COMMENTS stopped at start=0: gave up after retries
    network error [SSL: CERTIFICATE_VERIFY_FAILED] certificate verify failed: unable to get local issuer certificate (_ssl.c:1010), retry in 5s
    network error [SSL: CERTIFICATE_VERIFY_FAILED] certificate verify failed: unable to get local issuer certificate (_ssl.c:1010), retry in 10s
    network error [SSL: CERTIFICATE_VERIFY_FAILED] certificate verify failed: unable to get local issuer certificate (_ssl.c:1010), retry in 15s
    network error [SSL: CERTIFICATE_VERIFY_FAILED] certificate verify failed: unable to get local issuer certificate (_ssl.c:1010), retry in 20s
    network error [SSL: CERTIFICATE_VERIFY_FAILED] certificate verify failed: unable to get local issuer certificate (_ssl.c:1010), retry in 25s
  ! ALL_LIKES stopped at start=0: gave up after retries
    network error [SSL: CERTIFICATE_VERIFY_FAILED] certificate verify failed: unable to get local issuer certificate (_ssl.c:1010), retry in 5s
    network error [SSL: CERTIFICATE_VERIFY_FAILED] certificate verify failed: unable to get local issuer certificate (_ssl.c:1010), retry in 10s
    network error [SSL: CERTIFICATE_VERIFY_FAILED] certificate verify failed: unable to get local issuer certificate (_ssl.c:1010), retry in 15s
    network error [SSL: CERTIFICATE_VERIFY_FAILED] certificate verify failed: unable to get local issuer certificate (_ssl.c:1010), retry in 20s
    network error [SSL: CERTIFICATE_VERIFY_FAILED] certificate verify failed: unable to get local issuer certificate (_ssl.c:1010), retry in 25s
  ! ALL_VOTES stopped at start=0: gave up after retries
    network error [SSL: CERTIFICATE_VERIFY_FAILED] certificate verify failed: unable to get local issuer certificate (_ssl.c:1010), retry in 5s
    network error [SSL: CERTIFICATE_VERIFY_FAILED] certificate verify failed: unable to get local issuer certificate (_ssl.c:1010), retry in 10s
    network error [SSL: CERTIFICATE_VERIFY_FAILED] certificate verify failed: unable to get local issuer certificate (_ssl.c:1010), retry in 15s
    network error [SSL: CERTIFICATE_VERIFY_FAILED] certificate verify failed: unable to get local issuer certificate (_ssl.c:1010), retry in 20s
    network error [SSL: CERTIFICATE_VERIFY_FAILED] certificate verify failed: unable to get local issuer certificate (_ssl.c:1010), retry in 25s
  ! INSTANT_REPOSTS stopped at start=0: gave up after retries
    network error [SSL: CERTIFICATE_VERIFY_FAILED] certificate verify failed: unable to get local issuer certificate (_ssl.c:1010), retry in 5s
    network error [SSL: CERTIFICATE_VERIFY_FAILED] certificate verify failed: unable to get local issuer certificate (_ssl.c:1010), retry in 10s
    network error [SSL: CERTIFICATE_VERIFY_FAILED] certificate verify failed: unable to get local issuer certificate (_ssl.c:1010), retry in 15s
    network error [SSL: CERTIFICATE_VERIFY_FAILED] certificate verify failed: unable to get local issuer certificate (_ssl.c:1010), retry in 20s
    network error [SSL: CERTIFICATE_VERIFY_FAILED] certificate verify failed: unable to get local issuer certificate (_ssl.c:1010), retry in 25s
  ! RICH_MEDIA stopped at start=0: gave up after retries
== MEMBER_SHARE_INFO
  (not ready — LinkedIn still processing this domain; re-run later)
== ARTICLES
  (not ready — LinkedIn still processing this domain; re-run later)
== ALL_COMMENTS
  (not ready — LinkedIn still processing this domain; re-run later)
== ALL_LIKES
  (not ready — LinkedIn still processing this domain; re-run later)
== ALL_VOTES
  (not ready — LinkedIn still processing this domain; re-run later)
== INSTANT_REPOSTS
  (not ready — LinkedIn still processing this domain; re-run later)
== RICH_MEDIA
  (not ready — LinkedIn still processing this domain; re-run later)

== summary ==
  MEMBER_SHARE_INFO: 0 records
  ARTICLES: 0 records
  ALL_COMMENTS: 0 records
  ALL_LIKES: 0 records
  ALL_VOTES: 0 records
  INSTANT_REPOSTS: 0 records
  RICH_MEDIA: 0 records

Written to /Users/maaretp/Documents/own-code/legacy/archives/linkedin/snapshot/
[poll] not ready yet; sleeping 1200s
[poll 62/72 2026-09-01 16:19] fetching --content domains
    network error [SSL: CERTIFICATE_VERIFY_FAILED] certificate verify failed: unable to get local issuer certificate (_ssl.c:1010), retry in 5s
    network error [SSL: CERTIFICATE_VERIFY_FAILED] certificate verify failed: unable to get local issuer certificate (_ssl.c:1010), retry in 10s
    network error [SSL: CERTIFICATE_VERIFY_FAILED] certificate verify failed: unable to get local issuer certificate (_ssl.c:1010), retry in 15s
    network error [SSL: CERTIFICATE_VERIFY_FAILED] certificate verify failed: unable to get local issuer certificate (_ssl.c:1010), retry in 20s
    network error [SSL: CERTIFICATE_VERIFY_FAILED] certificate verify failed: unable to get local issuer certificate (_ssl.c:1010), retry in 25s
  ! MEMBER_SHARE_INFO stopped at start=0: gave up after retries
    network error [SSL: CERTIFICATE_VERIFY_FAILED] certificate verify failed: unable to get local issuer certificate (_ssl.c:1010), retry in 5s
    network error [SSL: CERTIFICATE_VERIFY_FAILED] certificate verify failed: unable to get local issuer certificate (_ssl.c:1010), retry in 10s
    network error [SSL: CERTIFICATE_VERIFY_FAILED] certificate verify failed: unable to get local issuer certificate (_ssl.c:1010), retry in 15s
    network error [SSL: CERTIFICATE_VERIFY_FAILED] certificate verify failed: unable to get local issuer certificate (_ssl.c:1010), retry in 20s
    network error [SSL: CERTIFICATE_VERIFY_FAILED] certificate verify failed: unable to get local issuer certificate (_ssl.c:1010), retry in 25s
  ! ARTICLES stopped at start=0: gave up after retries
    network error [SSL: CERTIFICATE_VERIFY_FAILED] certificate verify failed: unable to get local issuer certificate (_ssl.c:1010), retry in 5s
    network error [SSL: CERTIFICATE_VERIFY_FAILED] certificate verify failed: unable to get local issuer certificate (_ssl.c:1010), retry in 10s
    network error [SSL: CERTIFICATE_VERIFY_FAILED] certificate verify failed: unable to get local issuer certificate (_ssl.c:1010), retry in 15s
    network error [SSL: CERTIFICATE_VERIFY_FAILED] certificate verify failed: unable to get local issuer certificate (_ssl.c:1010), retry in 20s
    network error [SSL: CERTIFICATE_VERIFY_FAILED] certificate verify failed: unable to get local issuer certificate (_ssl.c:1010), retry in 25s
  ! ALL_COMMENTS stopped at start=0: gave up after retries
    network error [SSL: CERTIFICATE_VERIFY_FAILED] certificate verify failed: unable to get local issuer certificate (_ssl.c:1010), retry in 5s
    network error [SSL: CERTIFICATE_VERIFY_FAILED] certificate verify failed: unable to get local issuer certificate (_ssl.c:1010), retry in 10s
    network error [SSL: CERTIFICATE_VERIFY_FAILED] certificate verify failed: unable to get local issuer certificate (_ssl.c:1010), retry in 15s
    network error [SSL: CERTIFICATE_VERIFY_FAILED] certificate verify failed: unable to get local issuer certificate (_ssl.c:1010), retry in 20s
    network error [SSL: CERTIFICATE_VERIFY_FAILED] certificate verify failed: unable to get local issuer certificate (_ssl.c:1010), retry in 25s
  ! ALL_LIKES stopped at start=0: gave up after retries
    network error [SSL: CERTIFICATE_VERIFY_FAILED] certificate verify failed: unable to get local issuer certificate (_ssl.c:1010), retry in 5s
    network error [SSL: CERTIFICATE_VERIFY_FAILED] certificate verify failed: unable to get local issuer certificate (_ssl.c:1010), retry in 10s
    network error [SSL: CERTIFICATE_VERIFY_FAILED] certificate verify failed: unable to get local issuer certificate (_ssl.c:1010), retry in 15s
    network error [SSL: CERTIFICATE_VERIFY_FAILED] certificate verify failed: unable to get local issuer certificate (_ssl.c:1010), retry in 20s
    network error [SSL: CERTIFICATE_VERIFY_FAILED] certificate verify failed: unable to get local issuer certificate (_ssl.c:1010), retry in 25s
  ! ALL_VOTES stopped at start=0: gave up after retries
    network error [SSL: CERTIFICATE_VERIFY_FAILED] certificate verify failed: unable to get local issuer certificate (_ssl.c:1010), retry in 5s
    network error [SSL: CERTIFICATE_VERIFY_FAILED] certificate verify failed: unable to get local issuer certificate (_ssl.c:1010), retry in 10s
    network error [SSL: CERTIFICATE_VERIFY_FAILED] certificate verify failed: unable to get local issuer certificate (_ssl.c:1010), retry in 15s
    network error [SSL: CERTIFICATE_VERIFY_FAILED] certificate verify failed: unable to get local issuer certificate (_ssl.c:1010), retry in 20s
    network error [SSL: CERTIFICATE_VERIFY_FAILED] certificate verify failed: unable to get local issuer certificate (_ssl.c:1010), retry in 25s
  ! INSTANT_REPOSTS stopped at start=0: gave up after retries
    network error [SSL: CERTIFICATE_VERIFY_FAILED] certificate verify failed: unable to get local issuer certificate (_ssl.c:1010), retry in 5s
    network error [SSL: CERTIFICATE_VERIFY_FAILED] certificate verify failed: unable to get local issuer certificate (_ssl.c:1010), retry in 10s
    network error [SSL: CERTIFICATE_VERIFY_FAILED] certificate verify failed: unable to get local issuer certificate (_ssl.c:1010), retry in 15s
    network error [SSL: CERTIFICATE_VERIFY_FAILED] certificate verify failed: unable to get local issuer certificate (_ssl.c:1010), retry in 20s
    network error [SSL: CERTIFICATE_VERIFY_FAILED] certificate verify failed: unable to get local issuer certificate (_ssl.c:1010), retry in 25s
  ! RICH_MEDIA stopped at start=0: gave up after retries
== MEMBER_SHARE_INFO
  (not ready — LinkedIn still processing this domain; re-run later)
== ARTICLES
  (not ready — LinkedIn still processing this domain; re-run later)
== ALL_COMMENTS
  (not ready — LinkedIn still processing this domain; re-run later)
== ALL_LIKES
  (not ready — LinkedIn still processing this domain; re-run later)
== ALL_VOTES
  (not ready — LinkedIn still processing this domain; re-run later)
== INSTANT_REPOSTS
  (not ready — LinkedIn still processing this domain; re-run later)
== RICH_MEDIA
  (not ready — LinkedIn still processing this domain; re-run later)

== summary ==
  MEMBER_SHARE_INFO: 0 records
  ARTICLES: 0 records
  ALL_COMMENTS: 0 records
  ALL_LIKES: 0 records
  ALL_VOTES: 0 records
  INSTANT_REPOSTS: 0 records
  RICH_MEDIA: 0 records

Written to /Users/maaretp/Documents/own-code/legacy/archives/linkedin/snapshot/
[poll] not ready yet; sleeping 1200s
[poll 63/72 2026-09-01 16:48] fetching --content domains
    network error [SSL: CERTIFICATE_VERIFY_FAILED] certificate verify failed: unable to get local issuer certificate (_ssl.c:1010), retry in 5s
    network error [SSL: CERTIFICATE_VERIFY_FAILED] certificate verify failed: unable to get local issuer certificate (_ssl.c:1010), retry in 10s
    network error [SSL: CERTIFICATE_VERIFY_FAILED] certificate verify failed: unable to get local issuer certificate (_ssl.c:1010), retry in 15s
    network error [SSL: CERTIFICATE_VERIFY_FAILED] certificate verify failed: unable to get local issuer certificate (_ssl.c:1010), retry in 20s
    network error [SSL: CERTIFICATE_VERIFY_FAILED] certificate verify failed: unable to get local issuer certificate (_ssl.c:1010), retry in 25s
  ! MEMBER_SHARE_INFO stopped at start=0: gave up after retries
    network error [SSL: CERTIFICATE_VERIFY_FAILED] certificate verify failed: unable to get local issuer certificate (_ssl.c:1010), retry in 5s
    network error [SSL: CERTIFICATE_VERIFY_FAILED] certificate verify failed: unable to get local issuer certificate (_ssl.c:1010), retry in 10s
    network error [SSL: CERTIFICATE_VERIFY_FAILED] certificate verify failed: unable to get local issuer certificate (_ssl.c:1010), retry in 15s
    network error [SSL: CERTIFICATE_VERIFY_FAILED] certificate verify failed: unable to get local issuer certificate (_ssl.c:1010), retry in 20s
    network error [SSL: CERTIFICATE_VERIFY_FAILED] certificate verify failed: unable to get local issuer certificate (_ssl.c:1010), retry in 25s
  ! ARTICLES stopped at start=0: gave up after retries
    network error [SSL: CERTIFICATE_VERIFY_FAILED] certificate verify failed: unable to get local issuer certificate (_ssl.c:1010), retry in 5s
    network error [SSL: CERTIFICATE_VERIFY_FAILED] certificate verify failed: unable to get local issuer certificate (_ssl.c:1010), retry in 10s
    network error [SSL: CERTIFICATE_VERIFY_FAILED] certificate verify failed: unable to get local issuer certificate (_ssl.c:1010), retry in 15s
    network error [SSL: CERTIFICATE_VERIFY_FAILED] certificate verify failed: unable to get local issuer certificate (_ssl.c:1010), retry in 20s
    network error [SSL: CERTIFICATE_VERIFY_FAILED] certificate verify failed: unable to get local issuer certificate (_ssl.c:1010), retry in 25s
  ! ALL_COMMENTS stopped at start=0: gave up after retries
    network error [SSL: CERTIFICATE_VERIFY_FAILED] certificate verify failed: unable to get local issuer certificate (_ssl.c:1010), retry in 5s
    network error [SSL: CERTIFICATE_VERIFY_FAILED] certificate verify failed: unable to get local issuer certificate (_ssl.c:1010), retry in 10s
    network error [SSL: CERTIFICATE_VERIFY_FAILED] certificate verify failed: unable to get local issuer certificate (_ssl.c:1010), retry in 15s
    network error [SSL: CERTIFICATE_VERIFY_FAILED] certificate verify failed: unable to get local issuer certificate (_ssl.c:1010), retry in 20s
    network error [SSL: CERTIFICATE_VERIFY_FAILED] certificate verify failed: unable to get local issuer certificate (_ssl.c:1010), retry in 25s
  ! ALL_LIKES stopped at start=0: gave up after retries
    network error [SSL: CERTIFICATE_VERIFY_FAILED] certificate verify failed: unable to get local issuer certificate (_ssl.c:1010), retry in 5s
    network error [SSL: CERTIFICATE_VERIFY_FAILED] certificate verify failed: unable to get local issuer certificate (_ssl.c:1010), retry in 10s
    network error [SSL: CERTIFICATE_VERIFY_FAILED] certificate verify failed: unable to get local issuer certificate (_ssl.c:1010), retry in 15s
    network error [SSL: CERTIFICATE_VERIFY_FAILED] certificate verify failed: unable to get local issuer certificate (_ssl.c:1010), retry in 20s
    network error [SSL: CERTIFICATE_VERIFY_FAILED] certificate verify failed: unable to get local issuer certificate (_ssl.c:1010), retry in 25s
  ! ALL_VOTES stopped at start=0: gave up after retries
    network error [SSL: CERTIFICATE_VERIFY_FAILED] certificate verify failed: unable to get local issuer certificate (_ssl.c:1010), retry in 5s
    network error [SSL: CERTIFICATE_VERIFY_FAILED] certificate verify failed: unable to get local issuer certificate (_ssl.c:1010), retry in 10s
    network error [SSL: CERTIFICATE_VERIFY_FAILED] certificate verify failed: unable to get local issuer certificate (_ssl.c:1010), retry in 15s
    network error [SSL: CERTIFICATE_VERIFY_FAILED] certificate verify failed: unable to get local issuer certificate (_ssl.c:1010), retry in 20s
    network error [SSL: CERTIFICATE_VERIFY_FAILED] certificate verify failed: unable to get local issuer certificate (_ssl.c:1010), retry in 25s
  ! INSTANT_REPOSTS stopped at start=0: gave up after retries
    network error [SSL: CERTIFICATE_VERIFY_FAILED] certificate verify failed: unable to get local issuer certificate (_ssl.c:1010), retry in 5s
    network error [SSL: CERTIFICATE_VERIFY_FAILED] certificate verify failed: unable to get local issuer certificate (_ssl.c:1010), retry in 10s
    network error [SSL: CERTIFICATE_VERIFY_FAILED] certificate verify failed: unable to get local issuer certificate (_ssl.c:1010), retry in 15s
    network error [SSL: CERTIFICATE_VERIFY_FAILED] certificate verify failed: unable to get local issuer certificate (_ssl.c:1010), retry in 20s
    network error [SSL: CERTIFICATE_VERIFY_FAILED] certificate verify failed: unable to get local issuer certificate (_ssl.c:1010), retry in 25s
  ! RICH_MEDIA stopped at start=0: gave up after retries
== MEMBER_SHARE_INFO
  (not ready — LinkedIn still processing this domain; re-run later)
== ARTICLES
  (not ready — LinkedIn still processing this domain; re-run later)
== ALL_COMMENTS
  (not ready — LinkedIn still processing this domain; re-run later)
== ALL_LIKES
  (not ready — LinkedIn still processing this domain; re-run later)
== ALL_VOTES
  (not ready — LinkedIn still processing this domain; re-run later)
== INSTANT_REPOSTS
  (not ready — LinkedIn still processing this domain; re-run later)
== RICH_MEDIA
  (not ready — LinkedIn still processing this domain; re-run later)

== summary ==
  MEMBER_SHARE_INFO: 0 records
  ARTICLES: 0 records
  ALL_COMMENTS: 0 records
  ALL_LIKES: 0 records
  ALL_VOTES: 0 records
  INSTANT_REPOSTS: 0 records
  RICH_MEDIA: 0 records

Written to /Users/maaretp/Documents/own-code/legacy/archives/linkedin/snapshot/
[poll] not ready yet; sleeping 1200s
[poll 64/72 2026-09-01 17:17] fetching --content domains
    network error [SSL: CERTIFICATE_VERIFY_FAILED] certificate verify failed: unable to get local issuer certificate (_ssl.c:1010), retry in 5s
    network error [SSL: CERTIFICATE_VERIFY_FAILED] certificate verify failed: unable to get local issuer certificate (_ssl.c:1010), retry in 10s
    network error [SSL: CERTIFICATE_VERIFY_FAILED] certificate verify failed: unable to get local issuer certificate (_ssl.c:1010), retry in 15s
    network error [SSL: CERTIFICATE_VERIFY_FAILED] certificate verify failed: unable to get local issuer certificate (_ssl.c:1010), retry in 20s
    network error [SSL: CERTIFICATE_VERIFY_FAILED] certificate verify failed: unable to get local issuer certificate (_ssl.c:1010), retry in 25s
  ! MEMBER_SHARE_INFO stopped at start=0: gave up after retries
    network error [SSL: CERTIFICATE_VERIFY_FAILED] certificate verify failed: unable to get local issuer certificate (_ssl.c:1010), retry in 5s
    network error [SSL: CERTIFICATE_VERIFY_FAILED] certificate verify failed: unable to get local issuer certificate (_ssl.c:1010), retry in 10s
    network error [SSL: CERTIFICATE_VERIFY_FAILED] certificate verify failed: unable to get local issuer certificate (_ssl.c:1010), retry in 15s
    network error [SSL: CERTIFICATE_VERIFY_FAILED] certificate verify failed: unable to get local issuer certificate (_ssl.c:1010), retry in 20s
    network error [SSL: CERTIFICATE_VERIFY_FAILED] certificate verify failed: unable to get local issuer certificate (_ssl.c:1010), retry in 25s
  ! ARTICLES stopped at start=0: gave up after retries
    network error [SSL: CERTIFICATE_VERIFY_FAILED] certificate verify failed: unable to get local issuer certificate (_ssl.c:1010), retry in 5s
    network error [SSL: CERTIFICATE_VERIFY_FAILED] certificate verify failed: unable to get local issuer certificate (_ssl.c:1010), retry in 10s
    network error [SSL: CERTIFICATE_VERIFY_FAILED] certificate verify failed: unable to get local issuer certificate (_ssl.c:1010), retry in 15s
    network error [SSL: CERTIFICATE_VERIFY_FAILED] certificate verify failed: unable to get local issuer certificate (_ssl.c:1010), retry in 20s
    network error [SSL: CERTIFICATE_VERIFY_FAILED] certificate verify failed: unable to get local issuer certificate (_ssl.c:1010), retry in 25s
  ! ALL_COMMENTS stopped at start=0: gave up after retries
    network error [SSL: CERTIFICATE_VERIFY_FAILED] certificate verify failed: unable to get local issuer certificate (_ssl.c:1010), retry in 5s
    network error [SSL: CERTIFICATE_VERIFY_FAILED] certificate verify failed: unable to get local issuer certificate (_ssl.c:1010), retry in 10s
    network error [SSL: CERTIFICATE_VERIFY_FAILED] certificate verify failed: unable to get local issuer certificate (_ssl.c:1010), retry in 15s
    network error [SSL: CERTIFICATE_VERIFY_FAILED] certificate verify failed: unable to get local issuer certificate (_ssl.c:1010), retry in 20s
    network error [SSL: CERTIFICATE_VERIFY_FAILED] certificate verify failed: unable to get local issuer certificate (_ssl.c:1010), retry in 25s
  ! ALL_LIKES stopped at start=0: gave up after retries
    network error [SSL: CERTIFICATE_VERIFY_FAILED] certificate verify failed: unable to get local issuer certificate (_ssl.c:1010), retry in 5s
    network error [SSL: CERTIFICATE_VERIFY_FAILED] certificate verify failed: unable to get local issuer certificate (_ssl.c:1010), retry in 10s
    network error [SSL: CERTIFICATE_VERIFY_FAILED] certificate verify failed: unable to get local issuer certificate (_ssl.c:1010), retry in 15s
    network error [SSL: CERTIFICATE_VERIFY_FAILED] certificate verify failed: unable to get local issuer certificate (_ssl.c:1010), retry in 20s
    network error [SSL: CERTIFICATE_VERIFY_FAILED] certificate verify failed: unable to get local issuer certificate (_ssl.c:1010), retry in 25s
  ! ALL_VOTES stopped at start=0: gave up after retries
    network error [SSL: CERTIFICATE_VERIFY_FAILED] certificate verify failed: unable to get local issuer certificate (_ssl.c:1010), retry in 5s
    network error [SSL: CERTIFICATE_VERIFY_FAILED] certificate verify failed: unable to get local issuer certificate (_ssl.c:1010), retry in 10s
    network error [SSL: CERTIFICATE_VERIFY_FAILED] certificate verify failed: unable to get local issuer certificate (_ssl.c:1010), retry in 15s
    network error [SSL: CERTIFICATE_VERIFY_FAILED] certificate verify failed: unable to get local issuer certificate (_ssl.c:1010), retry in 20s
    network error [SSL: CERTIFICATE_VERIFY_FAILED] certificate verify failed: unable to get local issuer certificate (_ssl.c:1010), retry in 25s
  ! INSTANT_REPOSTS stopped at start=0: gave up after retries
    network error [SSL: CERTIFICATE_VERIFY_FAILED] certificate verify failed: unable to get local issuer certificate (_ssl.c:1010), retry in 5s
    network error [SSL: CERTIFICATE_VERIFY_FAILED] certificate verify failed: unable to get local issuer certificate (_ssl.c:1010), retry in 10s
    network error [SSL: CERTIFICATE_VERIFY_FAILED] certificate verify failed: unable to get local issuer certificate (_ssl.c:1010), retry in 15s
    network error [SSL: CERTIFICATE_VERIFY_FAILED] certificate verify failed: unable to get local issuer certificate (_ssl.c:1010), retry in 20s
    network error [SSL: CERTIFICATE_VERIFY_FAILED] certificate verify failed: unable to get local issuer certificate (_ssl.c:1010), retry in 25s
  ! RICH_MEDIA stopped at start=0: gave up after retries
== MEMBER_SHARE_INFO
  (not ready — LinkedIn still processing this domain; re-run later)
== ARTICLES
  (not ready — LinkedIn still processing this domain; re-run later)
== ALL_COMMENTS
  (not ready — LinkedIn still processing this domain; re-run later)
== ALL_LIKES
  (not ready — LinkedIn still processing this domain; re-run later)
== ALL_VOTES
  (not ready — LinkedIn still processing this domain; re-run later)
== INSTANT_REPOSTS
  (not ready — LinkedIn still processing this domain; re-run later)
== RICH_MEDIA
  (not ready — LinkedIn still processing this domain; re-run later)

== summary ==
  MEMBER_SHARE_INFO: 0 records
  ARTICLES: 0 records
  ALL_COMMENTS: 0 records
  ALL_LIKES: 0 records
  ALL_VOTES: 0 records
  INSTANT_REPOSTS: 0 records
  RICH_MEDIA: 0 records

Written to /Users/maaretp/Documents/own-code/legacy/archives/linkedin/snapshot/
[poll] not ready yet; sleeping 1200s
[poll 65/72 2026-09-01 17:46] fetching --content domains
    network error [SSL: CERTIFICATE_VERIFY_FAILED] certificate verify failed: unable to get local issuer certificate (_ssl.c:1010), retry in 5s
    network error [SSL: CERTIFICATE_VERIFY_FAILED] certificate verify failed: unable to get local issuer certificate (_ssl.c:1010), retry in 10s
    network error [SSL: CERTIFICATE_VERIFY_FAILED] certificate verify failed: unable to get local issuer certificate (_ssl.c:1010), retry in 15s
    network error [SSL: CERTIFICATE_VERIFY_FAILED] certificate verify failed: unable to get local issuer certificate (_ssl.c:1010), retry in 20s
    network error [SSL: CERTIFICATE_VERIFY_FAILED] certificate verify failed: unable to get local issuer certificate (_ssl.c:1010), retry in 25s
  ! MEMBER_SHARE_INFO stopped at start=0: gave up after retries
    network error [SSL: CERTIFICATE_VERIFY_FAILED] certificate verify failed: unable to get local issuer certificate (_ssl.c:1010), retry in 5s
    network error [SSL: CERTIFICATE_VERIFY_FAILED] certificate verify failed: unable to get local issuer certificate (_ssl.c:1010), retry in 10s
    network error [SSL: CERTIFICATE_VERIFY_FAILED] certificate verify failed: unable to get local issuer certificate (_ssl.c:1010), retry in 15s
    network error [SSL: CERTIFICATE_VERIFY_FAILED] certificate verify failed: unable to get local issuer certificate (_ssl.c:1010), retry in 20s
    network error [SSL: CERTIFICATE_VERIFY_FAILED] certificate verify failed: unable to get local issuer certificate (_ssl.c:1010), retry in 25s
  ! ARTICLES stopped at start=0: gave up after retries
    network error [SSL: CERTIFICATE_VERIFY_FAILED] certificate verify failed: unable to get local issuer certificate (_ssl.c:1010), retry in 5s
    network error [SSL: CERTIFICATE_VERIFY_FAILED] certificate verify failed: unable to get local issuer certificate (_ssl.c:1010), retry in 10s
    network error [SSL: CERTIFICATE_VERIFY_FAILED] certificate verify failed: unable to get local issuer certificate (_ssl.c:1010), retry in 15s
    network error [SSL: CERTIFICATE_VERIFY_FAILED] certificate verify failed: unable to get local issuer certificate (_ssl.c:1010), retry in 20s
    network error [SSL: CERTIFICATE_VERIFY_FAILED] certificate verify failed: unable to get local issuer certificate (_ssl.c:1010), retry in 25s
  ! ALL_COMMENTS stopped at start=0: gave up after retries
    network error [SSL: CERTIFICATE_VERIFY_FAILED] certificate verify failed: unable to get local issuer certificate (_ssl.c:1010), retry in 5s
    network error [SSL: CERTIFICATE_VERIFY_FAILED] certificate verify failed: unable to get local issuer certificate (_ssl.c:1010), retry in 10s
    network error [SSL: CERTIFICATE_VERIFY_FAILED] certificate verify failed: unable to get local issuer certificate (_ssl.c:1010), retry in 15s
    network error [SSL: CERTIFICATE_VERIFY_FAILED] certificate verify failed: unable to get local issuer certificate (_ssl.c:1010), retry in 20s
    network error [SSL: CERTIFICATE_VERIFY_FAILED] certificate verify failed: unable to get local issuer certificate (_ssl.c:1010), retry in 25s
  ! ALL_LIKES stopped at start=0: gave up after retries
    network error [SSL: CERTIFICATE_VERIFY_FAILED] certificate verify failed: unable to get local issuer certificate (_ssl.c:1010), retry in 5s
    network error [SSL: CERTIFICATE_VERIFY_FAILED] certificate verify failed: unable to get local issuer certificate (_ssl.c:1010), retry in 10s
    network error [SSL: CERTIFICATE_VERIFY_FAILED] certificate verify failed: unable to get local issuer certificate (_ssl.c:1010), retry in 15s
    network error [SSL: CERTIFICATE_VERIFY_FAILED] certificate verify failed: unable to get local issuer certificate (_ssl.c:1010), retry in 20s
    network error [SSL: CERTIFICATE_VERIFY_FAILED] certificate verify failed: unable to get local issuer certificate (_ssl.c:1010), retry in 25s
  ! ALL_VOTES stopped at start=0: gave up after retries
    network error [SSL: CERTIFICATE_VERIFY_FAILED] certificate verify failed: unable to get local issuer certificate (_ssl.c:1010), retry in 5s
    network error [SSL: CERTIFICATE_VERIFY_FAILED] certificate verify failed: unable to get local issuer certificate (_ssl.c:1010), retry in 10s
    network error [SSL: CERTIFICATE_VERIFY_FAILED] certificate verify failed: unable to get local issuer certificate (_ssl.c:1010), retry in 15s
    network error [SSL: CERTIFICATE_VERIFY_FAILED] certificate verify failed: unable to get local issuer certificate (_ssl.c:1010), retry in 20s
    network error [SSL: CERTIFICATE_VERIFY_FAILED] certificate verify failed: unable to get local issuer certificate (_ssl.c:1010), retry in 25s
  ! INSTANT_REPOSTS stopped at start=0: gave up after retries
    network error [SSL: CERTIFICATE_VERIFY_FAILED] certificate verify failed: unable to get local issuer certificate (_ssl.c:1010), retry in 5s
    network error [SSL: CERTIFICATE_VERIFY_FAILED] certificate verify failed: unable to get local issuer certificate (_ssl.c:1010), retry in 10s
    network error [SSL: CERTIFICATE_VERIFY_FAILED] certificate verify failed: unable to get local issuer certificate (_ssl.c:1010), retry in 15s
    network error [SSL: CERTIFICATE_VERIFY_FAILED] certificate verify failed: unable to get local issuer certificate (_ssl.c:1010), retry in 20s
    network error [SSL: CERTIFICATE_VERIFY_FAILED] certificate verify failed: unable to get local issuer certificate (_ssl.c:1010), retry in 25s
  ! RICH_MEDIA stopped at start=0: gave up after retries
== MEMBER_SHARE_INFO
  (not ready — LinkedIn still processing this domain; re-run later)
== ARTICLES
  (not ready — LinkedIn still processing this domain; re-run later)
== ALL_COMMENTS
  (not ready — LinkedIn still processing this domain; re-run later)
== ALL_LIKES
  (not ready — LinkedIn still processing this domain; re-run later)
== ALL_VOTES
  (not ready — LinkedIn still processing this domain; re-run later)
== INSTANT_REPOSTS
  (not ready — LinkedIn still processing this domain; re-run later)
== RICH_MEDIA
  (not ready — LinkedIn still processing this domain; re-run later)

== summary ==
  MEMBER_SHARE_INFO: 0 records
  ARTICLES: 0 records
  ALL_COMMENTS: 0 records
  ALL_LIKES: 0 records
  ALL_VOTES: 0 records
  INSTANT_REPOSTS: 0 records
  RICH_MEDIA: 0 records

Written to /Users/maaretp/Documents/own-code/legacy/archives/linkedin/snapshot/
[poll] not ready yet; sleeping 1200s
[poll 66/72 2026-09-01 18:15] fetching --content domains
    network error [SSL: CERTIFICATE_VERIFY_FAILED] certificate verify failed: unable to get local issuer certificate (_ssl.c:1010), retry in 5s
    network error [SSL: CERTIFICATE_VERIFY_FAILED] certificate verify failed: unable to get local issuer certificate (_ssl.c:1010), retry in 10s
    network error [SSL: CERTIFICATE_VERIFY_FAILED] certificate verify failed: unable to get local issuer certificate (_ssl.c:1010), retry in 15s
    network error [SSL: CERTIFICATE_VERIFY_FAILED] certificate verify failed: unable to get local issuer certificate (_ssl.c:1010), retry in 20s
    network error [SSL: CERTIFICATE_VERIFY_FAILED] certificate verify failed: unable to get local issuer certificate (_ssl.c:1010), retry in 25s
  ! MEMBER_SHARE_INFO stopped at start=0: gave up after retries
    network error [SSL: CERTIFICATE_VERIFY_FAILED] certificate verify failed: unable to get local issuer certificate (_ssl.c:1010), retry in 5s
    network error [SSL: CERTIFICATE_VERIFY_FAILED] certificate verify failed: unable to get local issuer certificate (_ssl.c:1010), retry in 10s
    network error [SSL: CERTIFICATE_VERIFY_FAILED] certificate verify failed: unable to get local issuer certificate (_ssl.c:1010), retry in 15s
    network error [SSL: CERTIFICATE_VERIFY_FAILED] certificate verify failed: unable to get local issuer certificate (_ssl.c:1010), retry in 20s
    network error [SSL: CERTIFICATE_VERIFY_FAILED] certificate verify failed: unable to get local issuer certificate (_ssl.c:1010), retry in 25s
  ! ARTICLES stopped at start=0: gave up after retries
    network error [SSL: CERTIFICATE_VERIFY_FAILED] certificate verify failed: unable to get local issuer certificate (_ssl.c:1010), retry in 5s
    network error [SSL: CERTIFICATE_VERIFY_FAILED] certificate verify failed: unable to get local issuer certificate (_ssl.c:1010), retry in 10s
    network error [SSL: CERTIFICATE_VERIFY_FAILED] certificate verify failed: unable to get local issuer certificate (_ssl.c:1010), retry in 15s
    network error [SSL: CERTIFICATE_VERIFY_FAILED] certificate verify failed: unable to get local issuer certificate (_ssl.c:1010), retry in 20s
    network error [SSL: CERTIFICATE_VERIFY_FAILED] certificate verify failed: unable to get local issuer certificate (_ssl.c:1010), retry in 25s
  ! ALL_COMMENTS stopped at start=0: gave up after retries
    network error [SSL: CERTIFICATE_VERIFY_FAILED] certificate verify failed: unable to get local issuer certificate (_ssl.c:1010), retry in 5s
    network error [SSL: CERTIFICATE_VERIFY_FAILED] certificate verify failed: unable to get local issuer certificate (_ssl.c:1010), retry in 10s
    network error [SSL: CERTIFICATE_VERIFY_FAILED] certificate verify failed: unable to get local issuer certificate (_ssl.c:1010), retry in 15s
    network error [SSL: CERTIFICATE_VERIFY_FAILED] certificate verify failed: unable to get local issuer certificate (_ssl.c:1010), retry in 20s
    network error [SSL: CERTIFICATE_VERIFY_FAILED] certificate verify failed: unable to get local issuer certificate (_ssl.c:1010), retry in 25s
  ! ALL_LIKES stopped at start=0: gave up after retries
    network error [SSL: CERTIFICATE_VERIFY_FAILED] certificate verify failed: unable to get local issuer certificate (_ssl.c:1010), retry in 5s
    network error [SSL: CERTIFICATE_VERIFY_FAILED] certificate verify failed: unable to get local issuer certificate (_ssl.c:1010), retry in 10s
    network error [SSL: CERTIFICATE_VERIFY_FAILED] certificate verify failed: unable to get local issuer certificate (_ssl.c:1010), retry in 15s
    network error [SSL: CERTIFICATE_VERIFY_FAILED] certificate verify failed: unable to get local issuer certificate (_ssl.c:1010), retry in 20s
    network error [SSL: CERTIFICATE_VERIFY_FAILED] certificate verify failed: unable to get local issuer certificate (_ssl.c:1010), retry in 25s
  ! ALL_VOTES stopped at start=0: gave up after retries
    network error [SSL: CERTIFICATE_VERIFY_FAILED] certificate verify failed: unable to get local issuer certificate (_ssl.c:1010), retry in 5s
    network error [SSL: CERTIFICATE_VERIFY_FAILED] certificate verify failed: unable to get local issuer certificate (_ssl.c:1010), retry in 10s
    network error [SSL: CERTIFICATE_VERIFY_FAILED] certificate verify failed: unable to get local issuer certificate (_ssl.c:1010), retry in 15s
    network error [SSL: CERTIFICATE_VERIFY_FAILED] certificate verify failed: unable to get local issuer certificate (_ssl.c:1010), retry in 20s
    network error [SSL: CERTIFICATE_VERIFY_FAILED] certificate verify failed: unable to get local issuer certificate (_ssl.c:1010), retry in 25s
  ! INSTANT_REPOSTS stopped at start=0: gave up after retries
    network error [SSL: CERTIFICATE_VERIFY_FAILED] certificate verify failed: unable to get local issuer certificate (_ssl.c:1010), retry in 5s
    network error [SSL: CERTIFICATE_VERIFY_FAILED] certificate verify failed: unable to get local issuer certificate (_ssl.c:1010), retry in 10s
    network error [SSL: CERTIFICATE_VERIFY_FAILED] certificate verify failed: unable to get local issuer certificate (_ssl.c:1010), retry in 15s
    network error [SSL: CERTIFICATE_VERIFY_FAILED] certificate verify failed: unable to get local issuer certificate (_ssl.c:1010), retry in 20s
    network error [SSL: CERTIFICATE_VERIFY_FAILED] certificate verify failed: unable to get local issuer certificate (_ssl.c:1010), retry in 25s
  ! RICH_MEDIA stopped at start=0: gave up after retries
== MEMBER_SHARE_INFO
  (not ready — LinkedIn still processing this domain; re-run later)
== ARTICLES
  (not ready — LinkedIn still processing this domain; re-run later)
== ALL_COMMENTS
  (not ready — LinkedIn still processing this domain; re-run later)
== ALL_LIKES
  (not ready — LinkedIn still processing this domain; re-run later)
== ALL_VOTES
  (not ready — LinkedIn still processing this domain; re-run later)
== INSTANT_REPOSTS
  (not ready — LinkedIn still processing this domain; re-run later)
== RICH_MEDIA
  (not ready — LinkedIn still processing this domain; re-run later)

== summary ==
  MEMBER_SHARE_INFO: 0 records
  ARTICLES: 0 records
  ALL_COMMENTS: 0 records
  ALL_LIKES: 0 records
  ALL_VOTES: 0 records
  INSTANT_REPOSTS: 0 records
  RICH_MEDIA: 0 records

Written to /Users/maaretp/Documents/own-code/legacy/archives/linkedin/snapshot/
[poll] not ready yet; sleeping 1200s
[poll 67/72 2026-09-01 18:44] fetching --content domains
    network error [SSL: CERTIFICATE_VERIFY_FAILED] certificate verify failed: unable to get local issuer certificate (_ssl.c:1010), retry in 5s
    network error [SSL: CERTIFICATE_VERIFY_FAILED] certificate verify failed: unable to get local issuer certificate (_ssl.c:1010), retry in 10s
    network error [SSL: CERTIFICATE_VERIFY_FAILED] certificate verify failed: unable to get local issuer certificate (_ssl.c:1010), retry in 15s
    network error [SSL: CERTIFICATE_VERIFY_FAILED] certificate verify failed: unable to get local issuer certificate (_ssl.c:1010), retry in 20s
    network error [SSL: CERTIFICATE_VERIFY_FAILED] certificate verify failed: unable to get local issuer certificate (_ssl.c:1010), retry in 25s
  ! MEMBER_SHARE_INFO stopped at start=0: gave up after retries
    network error [SSL: CERTIFICATE_VERIFY_FAILED] certificate verify failed: unable to get local issuer certificate (_ssl.c:1010), retry in 5s
    network error [SSL: CERTIFICATE_VERIFY_FAILED] certificate verify failed: unable to get local issuer certificate (_ssl.c:1010), retry in 10s
    network error [SSL: CERTIFICATE_VERIFY_FAILED] certificate verify failed: unable to get local issuer certificate (_ssl.c:1010), retry in 15s
    network error [SSL: CERTIFICATE_VERIFY_FAILED] certificate verify failed: unable to get local issuer certificate (_ssl.c:1010), retry in 20s
    network error [SSL: CERTIFICATE_VERIFY_FAILED] certificate verify failed: unable to get local issuer certificate (_ssl.c:1010), retry in 25s
  ! ARTICLES stopped at start=0: gave up after retries
    network error [SSL: CERTIFICATE_VERIFY_FAILED] certificate verify failed: unable to get local issuer certificate (_ssl.c:1010), retry in 5s
    network error [SSL: CERTIFICATE_VERIFY_FAILED] certificate verify failed: unable to get local issuer certificate (_ssl.c:1010), retry in 10s
    network error [SSL: CERTIFICATE_VERIFY_FAILED] certificate verify failed: unable to get local issuer certificate (_ssl.c:1010), retry in 15s
    network error [SSL: CERTIFICATE_VERIFY_FAILED] certificate verify failed: unable to get local issuer certificate (_ssl.c:1010), retry in 20s
    network error [SSL: CERTIFICATE_VERIFY_FAILED] certificate verify failed: unable to get local issuer certificate (_ssl.c:1010), retry in 25s
  ! ALL_COMMENTS stopped at start=0: gave up after retries
    network error [SSL: CERTIFICATE_VERIFY_FAILED] certificate verify failed: unable to get local issuer certificate (_ssl.c:1010), retry in 5s
    network error [SSL: CERTIFICATE_VERIFY_FAILED] certificate verify failed: unable to get local issuer certificate (_ssl.c:1010), retry in 10s
    network error [SSL: CERTIFICATE_VERIFY_FAILED] certificate verify failed: unable to get local issuer certificate (_ssl.c:1010), retry in 15s
    network error [SSL: CERTIFICATE_VERIFY_FAILED] certificate verify failed: unable to get local issuer certificate (_ssl.c:1010), retry in 20s
    network error [SSL: CERTIFICATE_VERIFY_FAILED] certificate verify failed: unable to get local issuer certificate (_ssl.c:1010), retry in 25s
  ! ALL_LIKES stopped at start=0: gave up after retries
    network error [SSL: CERTIFICATE_VERIFY_FAILED] certificate verify failed: unable to get local issuer certificate (_ssl.c:1010), retry in 5s
    network error [SSL: CERTIFICATE_VERIFY_FAILED] certificate verify failed: unable to get local issuer certificate (_ssl.c:1010), retry in 10s
    network error [SSL: CERTIFICATE_VERIFY_FAILED] certificate verify failed: unable to get local issuer certificate (_ssl.c:1010), retry in 15s
    network error [SSL: CERTIFICATE_VERIFY_FAILED] certificate verify failed: unable to get local issuer certificate (_ssl.c:1010), retry in 20s
    network error [SSL: CERTIFICATE_VERIFY_FAILED] certificate verify failed: unable to get local issuer certificate (_ssl.c:1010), retry in 25s
  ! ALL_VOTES stopped at start=0: gave up after retries
    network error [SSL: CERTIFICATE_VERIFY_FAILED] certificate verify failed: unable to get local issuer certificate (_ssl.c:1010), retry in 5s
    network error [SSL: CERTIFICATE_VERIFY_FAILED] certificate verify failed: unable to get local issuer certificate (_ssl.c:1010), retry in 10s
    network error [SSL: CERTIFICATE_VERIFY_FAILED] certificate verify failed: unable to get local issuer certificate (_ssl.c:1010), retry in 15s
    network error [SSL: CERTIFICATE_VERIFY_FAILED] certificate verify failed: unable to get local issuer certificate (_ssl.c:1010), retry in 20s
    network error [SSL: CERTIFICATE_VERIFY_FAILED] certificate verify failed: unable to get local issuer certificate (_ssl.c:1010), retry in 25s
  ! INSTANT_REPOSTS stopped at start=0: gave up after retries
    network error [SSL: CERTIFICATE_VERIFY_FAILED] certificate verify failed: unable to get local issuer certificate (_ssl.c:1010), retry in 5s
    network error [SSL: CERTIFICATE_VERIFY_FAILED] certificate verify failed: unable to get local issuer certificate (_ssl.c:1010), retry in 10s
    network error [SSL: CERTIFICATE_VERIFY_FAILED] certificate verify failed: unable to get local issuer certificate (_ssl.c:1010), retry in 15s
    network error [SSL: CERTIFICATE_VERIFY_FAILED] certificate verify failed: unable to get local issuer certificate (_ssl.c:1010), retry in 20s
    network error [SSL: CERTIFICATE_VERIFY_FAILED] certificate verify failed: unable to get local issuer certificate (_ssl.c:1010), retry in 25s
  ! RICH_MEDIA stopped at start=0: gave up after retries
== MEMBER_SHARE_INFO
  (not ready — LinkedIn still processing this domain; re-run later)
== ARTICLES
  (not ready — LinkedIn still processing this domain; re-run later)
== ALL_COMMENTS
  (not ready — LinkedIn still processing this domain; re-run later)
== ALL_LIKES
  (not ready — LinkedIn still processing this domain; re-run later)
== ALL_VOTES
  (not ready — LinkedIn still processing this domain; re-run later)
== INSTANT_REPOSTS
  (not ready — LinkedIn still processing this domain; re-run later)
== RICH_MEDIA
  (not ready — LinkedIn still processing this domain; re-run later)

== summary ==
  MEMBER_SHARE_INFO: 0 records
  ARTICLES: 0 records
  ALL_COMMENTS: 0 records
  ALL_LIKES: 0 records
  ALL_VOTES: 0 records
  INSTANT_REPOSTS: 0 records
  RICH_MEDIA: 0 records

Written to /Users/maaretp/Documents/own-code/legacy/archives/linkedin/snapshot/
[poll] not ready yet; sleeping 1200s
[poll 68/72 2026-09-01 19:14] fetching --content domains
    network error [SSL: CERTIFICATE_VERIFY_FAILED] certificate verify failed: unable to get local issuer certificate (_ssl.c:1010), retry in 5s
    network error [SSL: CERTIFICATE_VERIFY_FAILED] certificate verify failed: unable to get local issuer certificate (_ssl.c:1010), retry in 10s
    network error [SSL: CERTIFICATE_VERIFY_FAILED] certificate verify failed: unable to get local issuer certificate (_ssl.c:1010), retry in 15s
    network error [SSL: CERTIFICATE_VERIFY_FAILED] certificate verify failed: unable to get local issuer certificate (_ssl.c:1010), retry in 20s
    network error [SSL: CERTIFICATE_VERIFY_FAILED] certificate verify failed: unable to get local issuer certificate (_ssl.c:1010), retry in 25s
  ! MEMBER_SHARE_INFO stopped at start=0: gave up after retries
    network error [SSL: CERTIFICATE_VERIFY_FAILED] certificate verify failed: unable to get local issuer certificate (_ssl.c:1010), retry in 5s
    network error [SSL: CERTIFICATE_VERIFY_FAILED] certificate verify failed: unable to get local issuer certificate (_ssl.c:1010), retry in 10s
    network error [SSL: CERTIFICATE_VERIFY_FAILED] certificate verify failed: unable to get local issuer certificate (_ssl.c:1010), retry in 15s
    network error [SSL: CERTIFICATE_VERIFY_FAILED] certificate verify failed: unable to get local issuer certificate (_ssl.c:1010), retry in 20s
    network error [SSL: CERTIFICATE_VERIFY_FAILED] certificate verify failed: unable to get local issuer certificate (_ssl.c:1010), retry in 25s
  ! ARTICLES stopped at start=0: gave up after retries
    network error [SSL: CERTIFICATE_VERIFY_FAILED] certificate verify failed: unable to get local issuer certificate (_ssl.c:1010), retry in 5s
    network error [SSL: CERTIFICATE_VERIFY_FAILED] certificate verify failed: unable to get local issuer certificate (_ssl.c:1010), retry in 10s
    network error [SSL: CERTIFICATE_VERIFY_FAILED] certificate verify failed: unable to get local issuer certificate (_ssl.c:1010), retry in 15s
    network error [SSL: CERTIFICATE_VERIFY_FAILED] certificate verify failed: unable to get local issuer certificate (_ssl.c:1010), retry in 20s
    network error [SSL: CERTIFICATE_VERIFY_FAILED] certificate verify failed: unable to get local issuer certificate (_ssl.c:1010), retry in 25s
  ! ALL_COMMENTS stopped at start=0: gave up after retries
    network error [SSL: CERTIFICATE_VERIFY_FAILED] certificate verify failed: unable to get local issuer certificate (_ssl.c:1010), retry in 5s
    network error [SSL: CERTIFICATE_VERIFY_FAILED] certificate verify failed: unable to get local issuer certificate (_ssl.c:1010), retry in 10s
    network error [SSL: CERTIFICATE_VERIFY_FAILED] certificate verify failed: unable to get local issuer certificate (_ssl.c:1010), retry in 15s
    network error [SSL: CERTIFICATE_VERIFY_FAILED] certificate verify failed: unable to get local issuer certificate (_ssl.c:1010), retry in 20s
    network error [SSL: CERTIFICATE_VERIFY_FAILED] certificate verify failed: unable to get local issuer certificate (_ssl.c:1010), retry in 25s
  ! ALL_LIKES stopped at start=0: gave up after retries
    network error [SSL: CERTIFICATE_VERIFY_FAILED] certificate verify failed: unable to get local issuer certificate (_ssl.c:1010), retry in 5s
    network error [SSL: CERTIFICATE_VERIFY_FAILED] certificate verify failed: unable to get local issuer certificate (_ssl.c:1010), retry in 10s
    network error [SSL: CERTIFICATE_VERIFY_FAILED] certificate verify failed: unable to get local issuer certificate (_ssl.c:1010), retry in 15s
    network error [SSL: CERTIFICATE_VERIFY_FAILED] certificate verify failed: unable to get local issuer certificate (_ssl.c:1010), retry in 20s
    network error [SSL: CERTIFICATE_VERIFY_FAILED] certificate verify failed: unable to get local issuer certificate (_ssl.c:1010), retry in 25s
  ! ALL_VOTES stopped at start=0: gave up after retries
    network error [SSL: CERTIFICATE_VERIFY_FAILED] certificate verify failed: unable to get local issuer certificate (_ssl.c:1010), retry in 5s
    network error [SSL: CERTIFICATE_VERIFY_FAILED] certificate verify failed: unable to get local issuer certificate (_ssl.c:1010), retry in 10s
    network error [SSL: CERTIFICATE_VERIFY_FAILED] certificate verify failed: unable to get local issuer certificate (_ssl.c:1010), retry in 15s
    network error [SSL: CERTIFICATE_VERIFY_FAILED] certificate verify failed: unable to get local issuer certificate (_ssl.c:1010), retry in 20s
    network error [SSL: CERTIFICATE_VERIFY_FAILED] certificate verify failed: unable to get local issuer certificate (_ssl.c:1010), retry in 25s
  ! INSTANT_REPOSTS stopped at start=0: gave up after retries
    network error [SSL: CERTIFICATE_VERIFY_FAILED] certificate verify failed: unable to get local issuer certificate (_ssl.c:1010), retry in 5s
    network error [SSL: CERTIFICATE_VERIFY_FAILED] certificate verify failed: unable to get local issuer certificate (_ssl.c:1010), retry in 10s
    network error [SSL: CERTIFICATE_VERIFY_FAILED] certificate verify failed: unable to get local issuer certificate (_ssl.c:1010), retry in 15s
    network error [SSL: CERTIFICATE_VERIFY_FAILED] certificate verify failed: unable to get local issuer certificate (_ssl.c:1010), retry in 20s
    network error [SSL: CERTIFICATE_VERIFY_FAILED] certificate verify failed: unable to get local issuer certificate (_ssl.c:1010), retry in 25s
  ! RICH_MEDIA stopped at start=0: gave up after retries
== MEMBER_SHARE_INFO
  (not ready — LinkedIn still processing this domain; re-run later)
== ARTICLES
  (not ready — LinkedIn still processing this domain; re-run later)
== ALL_COMMENTS
  (not ready — LinkedIn still processing this domain; re-run later)
== ALL_LIKES
  (not ready — LinkedIn still processing this domain; re-run later)
== ALL_VOTES
  (not ready — LinkedIn still processing this domain; re-run later)
== INSTANT_REPOSTS
  (not ready — LinkedIn still processing this domain; re-run later)
== RICH_MEDIA
  (not ready — LinkedIn still processing this domain; re-run later)

== summary ==
  MEMBER_SHARE_INFO: 0 records
  ARTICLES: 0 records
  ALL_COMMENTS: 0 records
  ALL_LIKES: 0 records
  ALL_VOTES: 0 records
  INSTANT_REPOSTS: 0 records
  RICH_MEDIA: 0 records

Written to /Users/maaretp/Documents/own-code/legacy/archives/linkedin/snapshot/
[poll] not ready yet; sleeping 1200s
[poll 69/72 2026-09-01 19:43] fetching --content domains
    network error [SSL: CERTIFICATE_VERIFY_FAILED] certificate verify failed: unable to get local issuer certificate (_ssl.c:1010), retry in 5s
    network error [SSL: CERTIFICATE_VERIFY_FAILED] certificate verify failed: unable to get local issuer certificate (_ssl.c:1010), retry in 10s
    network error [SSL: CERTIFICATE_VERIFY_FAILED] certificate verify failed: unable to get local issuer certificate (_ssl.c:1010), retry in 15s
    network error [SSL: CERTIFICATE_VERIFY_FAILED] certificate verify failed: unable to get local issuer certificate (_ssl.c:1010), retry in 20s
    network error [SSL: CERTIFICATE_VERIFY_FAILED] certificate verify failed: unable to get local issuer certificate (_ssl.c:1010), retry in 25s
  ! MEMBER_SHARE_INFO stopped at start=0: gave up after retries
    network error [SSL: CERTIFICATE_VERIFY_FAILED] certificate verify failed: unable to get local issuer certificate (_ssl.c:1010), retry in 5s
    network error [SSL: CERTIFICATE_VERIFY_FAILED] certificate verify failed: unable to get local issuer certificate (_ssl.c:1010), retry in 10s
    network error [SSL: CERTIFICATE_VERIFY_FAILED] certificate verify failed: unable to get local issuer certificate (_ssl.c:1010), retry in 15s
    network error [SSL: CERTIFICATE_VERIFY_FAILED] certificate verify failed: unable to get local issuer certificate (_ssl.c:1010), retry in 20s
    network error [SSL: CERTIFICATE_VERIFY_FAILED] certificate verify failed: unable to get local issuer certificate (_ssl.c:1010), retry in 25s
  ! ARTICLES stopped at start=0: gave up after retries
    network error [SSL: CERTIFICATE_VERIFY_FAILED] certificate verify failed: unable to get local issuer certificate (_ssl.c:1010), retry in 5s
    network error [SSL: CERTIFICATE_VERIFY_FAILED] certificate verify failed: unable to get local issuer certificate (_ssl.c:1010), retry in 10s
    network error [SSL: CERTIFICATE_VERIFY_FAILED] certificate verify failed: unable to get local issuer certificate (_ssl.c:1010), retry in 15s
    network error [SSL: CERTIFICATE_VERIFY_FAILED] certificate verify failed: unable to get local issuer certificate (_ssl.c:1010), retry in 20s
    network error [SSL: CERTIFICATE_VERIFY_FAILED] certificate verify failed: unable to get local issuer certificate (_ssl.c:1010), retry in 25s
  ! ALL_COMMENTS stopped at start=0: gave up after retries
    network error [SSL: CERTIFICATE_VERIFY_FAILED] certificate verify failed: unable to get local issuer certificate (_ssl.c:1010), retry in 5s
    network error [SSL: CERTIFICATE_VERIFY_FAILED] certificate verify failed: unable to get local issuer certificate (_ssl.c:1010), retry in 10s
    network error [SSL: CERTIFICATE_VERIFY_FAILED] certificate verify failed: unable to get local issuer certificate (_ssl.c:1010), retry in 15s
    network error [SSL: CERTIFICATE_VERIFY_FAILED] certificate verify failed: unable to get local issuer certificate (_ssl.c:1010), retry in 20s
    network error [SSL: CERTIFICATE_VERIFY_FAILED] certificate verify failed: unable to get local issuer certificate (_ssl.c:1010), retry in 25s
  ! ALL_LIKES stopped at start=0: gave up after retries
    network error [SSL: CERTIFICATE_VERIFY_FAILED] certificate verify failed: unable to get local issuer certificate (_ssl.c:1010), retry in 5s
    network error [SSL: CERTIFICATE_VERIFY_FAILED] certificate verify failed: unable to get local issuer certificate (_ssl.c:1010), retry in 10s
    network error [SSL: CERTIFICATE_VERIFY_FAILED] certificate verify failed: unable to get local issuer certificate (_ssl.c:1010), retry in 15s
    network error [SSL: CERTIFICATE_VERIFY_FAILED] certificate verify failed: unable to get local issuer certificate (_ssl.c:1010), retry in 20s
    network error [SSL: CERTIFICATE_VERIFY_FAILED] certificate verify failed: unable to get local issuer certificate (_ssl.c:1010), retry in 25s
  ! ALL_VOTES stopped at start=0: gave up after retries
    network error [SSL: CERTIFICATE_VERIFY_FAILED] certificate verify failed: unable to get local issuer certificate (_ssl.c:1010), retry in 5s
    network error [SSL: CERTIFICATE_VERIFY_FAILED] certificate verify failed: unable to get local issuer certificate (_ssl.c:1010), retry in 10s
    network error [SSL: CERTIFICATE_VERIFY_FAILED] certificate verify failed: unable to get local issuer certificate (_ssl.c:1010), retry in 15s
    network error [SSL: CERTIFICATE_VERIFY_FAILED] certificate verify failed: unable to get local issuer certificate (_ssl.c:1010), retry in 20s
    network error [SSL: CERTIFICATE_VERIFY_FAILED] certificate verify failed: unable to get local issuer certificate (_ssl.c:1010), retry in 25s
  ! INSTANT_REPOSTS stopped at start=0: gave up after retries
    network error [SSL: CERTIFICATE_VERIFY_FAILED] certificate verify failed: unable to get local issuer certificate (_ssl.c:1010), retry in 5s
    network error [SSL: CERTIFICATE_VERIFY_FAILED] certificate verify failed: unable to get local issuer certificate (_ssl.c:1010), retry in 10s
    network error [SSL: CERTIFICATE_VERIFY_FAILED] certificate verify failed: unable to get local issuer certificate (_ssl.c:1010), retry in 15s
    network error [SSL: CERTIFICATE_VERIFY_FAILED] certificate verify failed: unable to get local issuer certificate (_ssl.c:1010), retry in 20s
    network error [SSL: CERTIFICATE_VERIFY_FAILED] certificate verify failed: unable to get local issuer certificate (_ssl.c:1010), retry in 25s
  ! RICH_MEDIA stopped at start=0: gave up after retries
== MEMBER_SHARE_INFO
  (not ready — LinkedIn still processing this domain; re-run later)
== ARTICLES
  (not ready — LinkedIn still processing this domain; re-run later)
== ALL_COMMENTS
  (not ready — LinkedIn still processing this domain; re-run later)
== ALL_LIKES
  (not ready — LinkedIn still processing this domain; re-run later)
== ALL_VOTES
  (not ready — LinkedIn still processing this domain; re-run later)
== INSTANT_REPOSTS
  (not ready — LinkedIn still processing this domain; re-run later)
== RICH_MEDIA
  (not ready — LinkedIn still processing this domain; re-run later)

== summary ==
  MEMBER_SHARE_INFO: 0 records
  ARTICLES: 0 records
  ALL_COMMENTS: 0 records
  ALL_LIKES: 0 records
  ALL_VOTES: 0 records
  INSTANT_REPOSTS: 0 records
  RICH_MEDIA: 0 records

Written to /Users/maaretp/Documents/own-code/legacy/archives/linkedin/snapshot/
[poll] not ready yet; sleeping 1200s
[poll 70/72 2026-09-01 20:12] fetching --content domains
    network error [SSL: CERTIFICATE_VERIFY_FAILED] certificate verify failed: unable to get local issuer certificate (_ssl.c:1010), retry in 5s
    network error [SSL: CERTIFICATE_VERIFY_FAILED] certificate verify failed: unable to get local issuer certificate (_ssl.c:1010), retry in 10s
    network error [SSL: CERTIFICATE_VERIFY_FAILED] certificate verify failed: unable to get local issuer certificate (_ssl.c:1010), retry in 15s
    network error [SSL: CERTIFICATE_VERIFY_FAILED] certificate verify failed: unable to get local issuer certificate (_ssl.c:1010), retry in 20s
    network error [SSL: CERTIFICATE_VERIFY_FAILED] certificate verify failed: unable to get local issuer certificate (_ssl.c:1010), retry in 25s
  ! MEMBER_SHARE_INFO stopped at start=0: gave up after retries
    network error [SSL: CERTIFICATE_VERIFY_FAILED] certificate verify failed: unable to get local issuer certificate (_ssl.c:1010), retry in 5s
    network error [SSL: CERTIFICATE_VERIFY_FAILED] certificate verify failed: unable to get local issuer certificate (_ssl.c:1010), retry in 10s
    network error [SSL: CERTIFICATE_VERIFY_FAILED] certificate verify failed: unable to get local issuer certificate (_ssl.c:1010), retry in 15s
    network error [SSL: CERTIFICATE_VERIFY_FAILED] certificate verify failed: unable to get local issuer certificate (_ssl.c:1010), retry in 20s
    network error [SSL: CERTIFICATE_VERIFY_FAILED] certificate verify failed: unable to get local issuer certificate (_ssl.c:1010), retry in 25s
  ! ARTICLES stopped at start=0: gave up after retries
    network error [SSL: CERTIFICATE_VERIFY_FAILED] certificate verify failed: unable to get local issuer certificate (_ssl.c:1010), retry in 5s
    network error [SSL: CERTIFICATE_VERIFY_FAILED] certificate verify failed: unable to get local issuer certificate (_ssl.c:1010), retry in 10s
    network error [SSL: CERTIFICATE_VERIFY_FAILED] certificate verify failed: unable to get local issuer certificate (_ssl.c:1010), retry in 15s
    network error [SSL: CERTIFICATE_VERIFY_FAILED] certificate verify failed: unable to get local issuer certificate (_ssl.c:1010), retry in 20s
    network error [SSL: CERTIFICATE_VERIFY_FAILED] certificate verify failed: unable to get local issuer certificate (_ssl.c:1010), retry in 25s
  ! ALL_COMMENTS stopped at start=0: gave up after retries
    network error [SSL: CERTIFICATE_VERIFY_FAILED] certificate verify failed: unable to get local issuer certificate (_ssl.c:1010), retry in 5s
    network error [SSL: CERTIFICATE_VERIFY_FAILED] certificate verify failed: unable to get local issuer certificate (_ssl.c:1010), retry in 10s
    network error [SSL: CERTIFICATE_VERIFY_FAILED] certificate verify failed: unable to get local issuer certificate (_ssl.c:1010), retry in 15s
    network error [SSL: CERTIFICATE_VERIFY_FAILED] certificate verify failed: unable to get local issuer certificate (_ssl.c:1010), retry in 20s
    network error [SSL: CERTIFICATE_VERIFY_FAILED] certificate verify failed: unable to get local issuer certificate (_ssl.c:1010), retry in 25s
  ! ALL_LIKES stopped at start=0: gave up after retries
    network error [SSL: CERTIFICATE_VERIFY_FAILED] certificate verify failed: unable to get local issuer certificate (_ssl.c:1010), retry in 5s
    network error [SSL: CERTIFICATE_VERIFY_FAILED] certificate verify failed: unable to get local issuer certificate (_ssl.c:1010), retry in 10s
    network error [SSL: CERTIFICATE_VERIFY_FAILED] certificate verify failed: unable to get local issuer certificate (_ssl.c:1010), retry in 15s
    network error [SSL: CERTIFICATE_VERIFY_FAILED] certificate verify failed: unable to get local issuer certificate (_ssl.c:1010), retry in 20s
    network error [SSL: CERTIFICATE_VERIFY_FAILED] certificate verify failed: unable to get local issuer certificate (_ssl.c:1010), retry in 25s
  ! ALL_VOTES stopped at start=0: gave up after retries
    network error [SSL: CERTIFICATE_VERIFY_FAILED] certificate verify failed: unable to get local issuer certificate (_ssl.c:1010), retry in 5s
    network error [SSL: CERTIFICATE_VERIFY_FAILED] certificate verify failed: unable to get local issuer certificate (_ssl.c:1010), retry in 10s
    network error [SSL: CERTIFICATE_VERIFY_FAILED] certificate verify failed: unable to get local issuer certificate (_ssl.c:1010), retry in 15s
    network error [SSL: CERTIFICATE_VERIFY_FAILED] certificate verify failed: unable to get local issuer certificate (_ssl.c:1010), retry in 20s
    network error [SSL: CERTIFICATE_VERIFY_FAILED] certificate verify failed: unable to get local issuer certificate (_ssl.c:1010), retry in 25s
  ! INSTANT_REPOSTS stopped at start=0: gave up after retries
    network error [SSL: CERTIFICATE_VERIFY_FAILED] certificate verify failed: unable to get local issuer certificate (_ssl.c:1010), retry in 5s
    network error [SSL: CERTIFICATE_VERIFY_FAILED] certificate verify failed: unable to get local issuer certificate (_ssl.c:1010), retry in 10s
    network error [SSL: CERTIFICATE_VERIFY_FAILED] certificate verify failed: unable to get local issuer certificate (_ssl.c:1010), retry in 15s
    network error [SSL: CERTIFICATE_VERIFY_FAILED] certificate verify failed: unable to get local issuer certificate (_ssl.c:1010), retry in 20s
    network error [SSL: CERTIFICATE_VERIFY_FAILED] certificate verify failed: unable to get local issuer certificate (_ssl.c:1010), retry in 25s
  ! RICH_MEDIA stopped at start=0: gave up after retries
== MEMBER_SHARE_INFO
  (not ready — LinkedIn still processing this domain; re-run later)
== ARTICLES
  (not ready — LinkedIn still processing this domain; re-run later)
== ALL_COMMENTS
  (not ready — LinkedIn still processing this domain; re-run later)
== ALL_LIKES
  (not ready — LinkedIn still processing this domain; re-run later)
== ALL_VOTES
  (not ready — LinkedIn still processing this domain; re-run later)
== INSTANT_REPOSTS
  (not ready — LinkedIn still processing this domain; re-run later)
== RICH_MEDIA
  (not ready — LinkedIn still processing this domain; re-run later)

== summary ==
  MEMBER_SHARE_INFO: 0 records
  ARTICLES: 0 records
  ALL_COMMENTS: 0 records
  ALL_LIKES: 0 records
  ALL_VOTES: 0 records
  INSTANT_REPOSTS: 0 records
  RICH_MEDIA: 0 records

Written to /Users/maaretp/Documents/own-code/legacy/archives/linkedin/snapshot/
[poll] not ready yet; sleeping 1200s
[poll 71/72 2026-09-01 20:41] fetching --content domains
    network error [SSL: CERTIFICATE_VERIFY_FAILED] certificate verify failed: unable to get local issuer certificate (_ssl.c:1010), retry in 5s
    network error [SSL: CERTIFICATE_VERIFY_FAILED] certificate verify failed: unable to get local issuer certificate (_ssl.c:1010), retry in 10s
    network error [SSL: CERTIFICATE_VERIFY_FAILED] certificate verify failed: unable to get local issuer certificate (_ssl.c:1010), retry in 15s
    network error [SSL: CERTIFICATE_VERIFY_FAILED] certificate verify failed: unable to get local issuer certificate (_ssl.c:1010), retry in 20s
    network error [SSL: CERTIFICATE_VERIFY_FAILED] certificate verify failed: unable to get local issuer certificate (_ssl.c:1010), retry in 25s
  ! MEMBER_SHARE_INFO stopped at start=0: gave up after retries
    network error [SSL: CERTIFICATE_VERIFY_FAILED] certificate verify failed: unable to get local issuer certificate (_ssl.c:1010), retry in 5s
    network error [SSL: CERTIFICATE_VERIFY_FAILED] certificate verify failed: unable to get local issuer certificate (_ssl.c:1010), retry in 10s
    network error [SSL: CERTIFICATE_VERIFY_FAILED] certificate verify failed: unable to get local issuer certificate (_ssl.c:1010), retry in 15s
    network error [SSL: CERTIFICATE_VERIFY_FAILED] certificate verify failed: unable to get local issuer certificate (_ssl.c:1010), retry in 20s
    network error [SSL: CERTIFICATE_VERIFY_FAILED] certificate verify failed: unable to get local issuer certificate (_ssl.c:1010), retry in 25s
  ! ARTICLES stopped at start=0: gave up after retries
    network error [SSL: CERTIFICATE_VERIFY_FAILED] certificate verify failed: unable to get local issuer certificate (_ssl.c:1010), retry in 5s
    network error [SSL: CERTIFICATE_VERIFY_FAILED] certificate verify failed: unable to get local issuer certificate (_ssl.c:1010), retry in 10s
    network error [SSL: CERTIFICATE_VERIFY_FAILED] certificate verify failed: unable to get local issuer certificate (_ssl.c:1010), retry in 15s
    network error [SSL: CERTIFICATE_VERIFY_FAILED] certificate verify failed: unable to get local issuer certificate (_ssl.c:1010), retry in 20s
    network error [SSL: CERTIFICATE_VERIFY_FAILED] certificate verify failed: unable to get local issuer certificate (_ssl.c:1010), retry in 25s
  ! ALL_COMMENTS stopped at start=0: gave up after retries
    network error [SSL: CERTIFICATE_VERIFY_FAILED] certificate verify failed: unable to get local issuer certificate (_ssl.c:1010), retry in 5s
    network error [SSL: CERTIFICATE_VERIFY_FAILED] certificate verify failed: unable to get local issuer certificate (_ssl.c:1010), retry in 10s
    network error [SSL: CERTIFICATE_VERIFY_FAILED] certificate verify failed: unable to get local issuer certificate (_ssl.c:1010), retry in 15s
    network error [SSL: CERTIFICATE_VERIFY_FAILED] certificate verify failed: unable to get local issuer certificate (_ssl.c:1010), retry in 20s
    network error [SSL: CERTIFICATE_VERIFY_FAILED] certificate verify failed: unable to get local issuer certificate (_ssl.c:1010), retry in 25s
  ! ALL_LIKES stopped at start=0: gave up after retries
    network error [SSL: CERTIFICATE_VERIFY_FAILED] certificate verify failed: unable to get local issuer certificate (_ssl.c:1010), retry in 5s
    network error [SSL: CERTIFICATE_VERIFY_FAILED] certificate verify failed: unable to get local issuer certificate (_ssl.c:1010), retry in 10s
    network error [SSL: CERTIFICATE_VERIFY_FAILED] certificate verify failed: unable to get local issuer certificate (_ssl.c:1010), retry in 15s
    network error [SSL: CERTIFICATE_VERIFY_FAILED] certificate verify failed: unable to get local issuer certificate (_ssl.c:1010), retry in 20s
    network error [SSL: CERTIFICATE_VERIFY_FAILED] certificate verify failed: unable to get local issuer certificate (_ssl.c:1010), retry in 25s
  ! ALL_VOTES stopped at start=0: gave up after retries
    network error [SSL: CERTIFICATE_VERIFY_FAILED] certificate verify failed: unable to get local issuer certificate (_ssl.c:1010), retry in 5s
    network error [SSL: CERTIFICATE_VERIFY_FAILED] certificate verify failed: unable to get local issuer certificate (_ssl.c:1010), retry in 10s
    network error [SSL: CERTIFICATE_VERIFY_FAILED] certificate verify failed: unable to get local issuer certificate (_ssl.c:1010), retry in 15s
    network error [SSL: CERTIFICATE_VERIFY_FAILED] certificate verify failed: unable to get local issuer certificate (_ssl.c:1010), retry in 20s
    network error [SSL: CERTIFICATE_VERIFY_FAILED] certificate verify failed: unable to get local issuer certificate (_ssl.c:1010), retry in 25s
  ! INSTANT_REPOSTS stopped at start=0: gave up after retries
    network error [SSL: CERTIFICATE_VERIFY_FAILED] certificate verify failed: unable to get local issuer certificate (_ssl.c:1010), retry in 5s
    network error [SSL: CERTIFICATE_VERIFY_FAILED] certificate verify failed: unable to get local issuer certificate (_ssl.c:1010), retry in 10s
    network error [SSL: CERTIFICATE_VERIFY_FAILED] certificate verify failed: unable to get local issuer certificate (_ssl.c:1010), retry in 15s
    network error [SSL: CERTIFICATE_VERIFY_FAILED] certificate verify failed: unable to get local issuer certificate (_ssl.c:1010), retry in 20s
    network error [SSL: CERTIFICATE_VERIFY_FAILED] certificate verify failed: unable to get local issuer certificate (_ssl.c:1010), retry in 25s
  ! RICH_MEDIA stopped at start=0: gave up after retries
== MEMBER_SHARE_INFO
  (not ready — LinkedIn still processing this domain; re-run later)
== ARTICLES
  (not ready — LinkedIn still processing this domain; re-run later)
== ALL_COMMENTS
  (not ready — LinkedIn still processing this domain; re-run later)
== ALL_LIKES
  (not ready — LinkedIn still processing this domain; re-run later)
== ALL_VOTES
  (not ready — LinkedIn still processing this domain; re-run later)
== INSTANT_REPOSTS
  (not ready — LinkedIn still processing this domain; re-run later)
== RICH_MEDIA
  (not ready — LinkedIn still processing this domain; re-run later)

== summary ==
  MEMBER_SHARE_INFO: 0 records
  ARTICLES: 0 records
  ALL_COMMENTS: 0 records
  ALL_LIKES: 0 records
  ALL_VOTES: 0 records
  INSTANT_REPOSTS: 0 records
  RICH_MEDIA: 0 records

Written to /Users/maaretp/Documents/own-code/legacy/archives/linkedin/snapshot/
[poll] not ready yet; sleeping 1200s
[poll 72/72 2026-09-01 21:48] fetching --content domains
    network error [SSL: CERTIFICATE_VERIFY_FAILED] certificate verify failed: unable to get local issuer certificate (_ssl.c:1010), retry in 5s
    network error [SSL: CERTIFICATE_VERIFY_FAILED] certificate verify failed: unable to get local issuer certificate (_ssl.c:1010), retry in 10s
    network error [SSL: CERTIFICATE_VERIFY_FAILED] certificate verify failed: unable to get local issuer certificate (_ssl.c:1010), retry in 15s
    network error [SSL: CERTIFICATE_VERIFY_FAILED] certificate verify failed: unable to get local issuer certificate (_ssl.c:1010), retry in 20s
    network error [SSL: CERTIFICATE_VERIFY_FAILED] certificate verify failed: unable to get local issuer certificate (_ssl.c:1010), retry in 25s
  ! MEMBER_SHARE_INFO stopped at start=0: gave up after retries
    network error [SSL: CERTIFICATE_VERIFY_FAILED] certificate verify failed: unable to get local issuer certificate (_ssl.c:1010), retry in 5s
    network error [SSL: CERTIFICATE_VERIFY_FAILED] certificate verify failed: unable to get local issuer certificate (_ssl.c:1010), retry in 10s
    network error [SSL: CERTIFICATE_VERIFY_FAILED] certificate verify failed: unable to get local issuer certificate (_ssl.c:1010), retry in 15s
    network error [SSL: CERTIFICATE_VERIFY_FAILED] certificate verify failed: unable to get local issuer certificate (_ssl.c:1010), retry in 20s
    network error [SSL: CERTIFICATE_VERIFY_FAILED] certificate verify failed: unable to get local issuer certificate (_ssl.c:1010), retry in 25s
  ! ARTICLES stopped at start=0: gave up after retries
    network error [SSL: CERTIFICATE_VERIFY_FAILED] certificate verify failed: unable to get local issuer certificate (_ssl.c:1010), retry in 5s
    network error [SSL: CERTIFICATE_VERIFY_FAILED] certificate verify failed: unable to get local issuer certificate (_ssl.c:1010), retry in 10s
    network error [SSL: CERTIFICATE_VERIFY_FAILED] certificate verify failed: unable to get local issuer certificate (_ssl.c:1010), retry in 15s
    network error [SSL: CERTIFICATE_VERIFY_FAILED] certificate verify failed: unable to get local issuer certificate (_ssl.c:1010), retry in 20s
    network error [SSL: CERTIFICATE_VERIFY_FAILED] certificate verify failed: unable to get local issuer certificate (_ssl.c:1010), retry in 25s
  ! ALL_COMMENTS stopped at start=0: gave up after retries
    network error [SSL: CERTIFICATE_VERIFY_FAILED] certificate verify failed: unable to get local issuer certificate (_ssl.c:1010), retry in 5s
    network error [SSL: CERTIFICATE_VERIFY_FAILED] certificate verify failed: unable to get local issuer certificate (_ssl.c:1010), retry in 10s
    network error [SSL: CERTIFICATE_VERIFY_FAILED] certificate verify failed: unable to get local issuer certificate (_ssl.c:1010), retry in 15s
    network error [SSL: CERTIFICATE_VERIFY_FAILED] certificate verify failed: unable to get local issuer certificate (_ssl.c:1010), retry in 20s
    network error [SSL: CERTIFICATE_VERIFY_FAILED] certificate verify failed: unable to get local issuer certificate (_ssl.c:1010), retry in 25s
  ! ALL_LIKES stopped at start=0: gave up after retries
    network error [SSL: CERTIFICATE_VERIFY_FAILED] certificate verify failed: unable to get local issuer certificate (_ssl.c:1010), retry in 5s
    network error [SSL: CERTIFICATE_VERIFY_FAILED] certificate verify failed: unable to get local issuer certificate (_ssl.c:1010), retry in 10s
    network error [SSL: CERTIFICATE_VERIFY_FAILED] certificate verify failed: unable to get local issuer certificate (_ssl.c:1010), retry in 15s
    network error [SSL: CERTIFICATE_VERIFY_FAILED] certificate verify failed: unable to get local issuer certificate (_ssl.c:1010), retry in 20s
    network error [SSL: CERTIFICATE_VERIFY_FAILED] certificate verify failed: unable to get local issuer certificate (_ssl.c:1010), retry in 25s
  ! ALL_VOTES stopped at start=0: gave up after retries
    network error [SSL: CERTIFICATE_VERIFY_FAILED] certificate verify failed: unable to get local issuer certificate (_ssl.c:1010), retry in 5s
    network error [SSL: CERTIFICATE_VERIFY_FAILED] certificate verify failed: unable to get local issuer certificate (_ssl.c:1010), retry in 10s
    network error [SSL: CERTIFICATE_VERIFY_FAILED] certificate verify failed: unable to get local issuer certificate (_ssl.c:1010), retry in 15s
    network error [SSL: CERTIFICATE_VERIFY_FAILED] certificate verify failed: unable to get local issuer certificate (_ssl.c:1010), retry in 20s
    network error [SSL: CERTIFICATE_VERIFY_FAILED] certificate verify failed: unable to get local issuer certificate (_ssl.c:1010), retry in 25s
  ! INSTANT_REPOSTS stopped at start=0: gave up after retries
    network error [SSL: CERTIFICATE_VERIFY_FAILED] certificate verify failed: unable to get local issuer certificate (_ssl.c:1010), retry in 5s
    network error [SSL: CERTIFICATE_VERIFY_FAILED] certificate verify failed: unable to get local issuer certificate (_ssl.c:1010), retry in 10s
    network error [SSL: CERTIFICATE_VERIFY_FAILED] certificate verify failed: unable to get local issuer certificate (_ssl.c:1010), retry in 15s
    network error [SSL: CERTIFICATE_VERIFY_FAILED] certificate verify failed: unable to get local issuer certificate (_ssl.c:1010), retry in 20s
    network error [SSL: CERTIFICATE_VERIFY_FAILED] certificate verify failed: unable to get local issuer certificate (_ssl.c:1010), retry in 25s
  ! RICH_MEDIA stopped at start=0: gave up after retries
== MEMBER_SHARE_INFO
  (not ready — LinkedIn still processing this domain; re-run later)
== ARTICLES
  (not ready — LinkedIn still processing this domain; re-run later)
== ALL_COMMENTS
  (not ready — LinkedIn still processing this domain; re-run later)
== ALL_LIKES
  (not ready — LinkedIn still processing this domain; re-run later)
== ALL_VOTES
  (not ready — LinkedIn still processing this domain; re-run later)
== INSTANT_REPOSTS
  (not ready — LinkedIn still processing this domain; re-run later)
== RICH_MEDIA
  (not ready — LinkedIn still processing this domain; re-run later)

== summary ==
  MEMBER_SHARE_INFO: 0 records
  ARTICLES: 0 records
  ALL_COMMENTS: 0 records
  ALL_LIKES: 0 records
  ALL_VOTES: 0 records
  INSTANT_REPOSTS: 0 records
  RICH_MEDIA: 0 records

Written to /Users/maaretp/Documents/own-code/legacy/archives/linkedin/snapshot/
[poll] not ready yet; sleeping 1200s
[poll] gave up after 72 attempts
